SalePrice,OverallQual,OverallCond,BedroomAbvGr,TotRmsAbvGrd,GrLivArea,TotalBsmtSF,YearBuilt,MSZoning,Utilities,BldgType,Categoria
208500,7,5,3,8,1710,856,2003,RL,AllPub,1Fam,barata
181500,6,8,3,6,1262,1262,1976,RL,AllPub,1Fam,barata
223500,7,5,3,6,1786,920,2001,RL,AllPub,1Fam,cara
140000,7,5,3,7,1717,756,1915,RL,AllPub,1Fam,barata
250000,8,5,4,9,2198,1145,2000,RL,AllPub,1Fam,cara
143000,5,5,1,5,1362,796,1993,RL,AllPub,1Fam,barata
307000,8,5,3,7,1694,1686,2004,RL,AllPub,1Fam,cara
200000,7,6,3,7,2090,1107,1973,RL,AllPub,1Fam,barata
129900,7,5,2,8,1774,952,1931,RM,AllPub,1Fam,barata
118000,5,6,2,5,1077,991,1939,RL,AllPub,2fmCon,barata
129500,5,5,3,5,1040,1040,1965,RL,AllPub,1Fam,barata
345000,9,5,4,11,2324,1175,2005,RL,AllPub,1Fam,cara
144000,5,6,2,4,912,912,1962,RL,AllPub,1Fam,barata
279500,7,5,3,7,1494,1494,2006,RL,AllPub,1Fam,cara
157000,6,5,2,5,1253,1253,1960,RL,AllPub,1Fam,barata
132000,7,8,2,5,854,832,1929,RM,AllPub,1Fam,barata
149000,6,7,2,5,1004,1004,1970,RL,AllPub,1Fam,barata
90000,4,5,2,6,1296,0,1967,RL,AllPub,Duplex,barata
159000,5,5,3,6,1114,1114,2004,RL,AllPub,1Fam,barata
139000,5,6,3,6,1339,1029,1958,RL,AllPub,1Fam,barata
325300,8,5,4,9,2376,1158,2005,RL,AllPub,1Fam,cara
139400,7,7,3,6,1108,637,1930,RM,AllPub,1Fam,barata
230000,8,5,3,7,1795,1777,2002,RL,AllPub,1Fam,cara
129900,5,7,3,6,1060,1040,1976,RM,AllPub,TwnhsE,barata
154000,5,8,3,6,1060,1060,1968,RL,AllPub,1Fam,barata
256300,8,5,3,7,1600,1566,2007,RL,AllPub,1Fam,cara
134800,5,7,3,5,900,900,1951,RL,AllPub,1Fam,barata
306000,8,5,3,7,1704,1704,2007,RL,AllPub,1Fam,cara
207500,5,6,2,6,1600,1484,1957,RL,AllPub,1Fam,barata
68500,4,6,1,4,520,520,1927,RM,AllPub,1Fam,barata
40000,4,4,3,6,1317,649,1920,C (all),AllPub,1Fam,barata
149350,5,6,3,6,1228,1228,1966,RL,AllPub,1Fam,barata
179900,8,5,3,7,1234,1234,2007,RL,AllPub,1Fam,barata
165500,5,5,4,6,1700,1398,1959,RL,AllPub,1Fam,barata
277500,9,5,2,6,1561,1561,2005,RL,AllPub,TwnhsE,cara
309000,8,5,4,9,2452,1117,2004,RL,AllPub,1Fam,cara
145000,5,5,3,6,1097,1097,1994,RL,AllPub,1Fam,barata
153000,5,6,3,5,1297,1297,1954,RL,AllPub,1Fam,barata
109000,5,7,3,5,1057,1057,1953,RL,AllPub,1Fam,barata
82000,4,5,2,6,1152,0,1955,RL,AllPub,Duplex,barata
160000,6,5,3,6,1324,1088,1965,RL,AllPub,1Fam,barata
170000,5,6,2,5,1328,1350,1959,RL,AllPub,1Fam,barata
144000,5,7,2,5,884,840,1983,RL,AllPub,1Fam,barata
130250,5,6,3,5,938,938,1975,RL,AllPub,1Fam,barata
141000,5,6,3,6,1150,1150,1959,RL,AllPub,1Fam,barata
319900,9,5,2,6,1752,1752,2005,RL,AllPub,TwnhsE,cara
239686,7,5,1,6,2149,1434,2003,RL,AllPub,1Fam,cara
249700,8,5,3,7,1656,1656,2006,FV,AllPub,1Fam,cara
113000,4,5,2,8,1452,736,1920,RM,AllPub,2fmCon,barata
127000,5,7,3,6,955,955,1966,RL,AllPub,1Fam,barata
177000,6,6,3,6,1470,794,1997,RL,AllPub,1Fam,barata
114500,6,6,3,6,1176,816,1934,RM,AllPub,1Fam,barata
110000,5,5,2,5,816,816,1963,RM,AllPub,Duplex,barata
385000,9,5,0,5,1842,1842,1981,RL,AllPub,1Fam,cara
130000,5,5,3,6,1360,384,1955,RL,AllPub,1Fam,barata
180500,6,5,3,7,1425,1425,1964,RL,AllPub,1Fam,barata
172500,8,5,3,7,1739,970,1999,FV,AllPub,Twnhs,barata
196500,7,5,3,7,1720,860,2004,RL,AllPub,1Fam,barata
438780,10,5,3,10,2945,1410,2006,RL,AllPub,1Fam,cara
124900,5,7,2,4,780,780,1972,RL,AllPub,1Fam,barata
158000,6,5,3,5,1158,1158,2004,RL,AllPub,1Fam,barata
101000,5,7,3,6,1111,530,1920,RM,AllPub,1Fam,barata
202500,8,5,2,6,1370,1370,2006,RL,AllPub,TwnhsE,barata
140000,7,6,3,9,1710,576,1921,RM,AllPub,1Fam,barata
219500,7,5,3,8,2034,1057,1997,RL,AllPub,1Fam,cara
317000,8,5,4,9,2473,1143,2004,RL,AllPub,1Fam,cara
180000,7,5,3,7,2207,1947,1970,RL,AllPub,1Fam,barata
226000,7,5,3,7,1479,1453,2003,RL,AllPub,1Fam,cara
80000,4,6,2,4,747,747,1945,RM,AllPub,1Fam,barata
225000,7,4,3,7,2287,1304,1953,RL,AllPub,1Fam,cara
244000,7,6,3,8,2223,2223,1973,RL,AllPub,1Fam,cara
129500,4,6,2,4,845,845,1982,RL,AllPub,1Fam,barata
185000,7,5,3,7,1718,832,1998,RL,AllPub,1Fam,barata
144900,5,7,3,6,1086,1086,1954,RL,AllPub,1Fam,barata
107400,3,6,3,8,1605,840,1915,RM,AllPub,1Fam,barata
91000,4,5,2,5,988,462,1973,RM,AllPub,Twnhs,barata
135750,4,7,2,4,952,952,1956,RL,AllPub,1Fam,barata
127000,5,5,2,6,1285,672,1948,RM,AllPub,1Fam,barata
136500,4,5,4,8,1768,1768,1968,RL,AllPub,Duplex,barata
110000,5,6,2,5,1230,440,1910,RM,AllPub,1Fam,barata
193500,6,6,4,8,2142,896,1968,RL,AllPub,1Fam,barata
153500,6,5,2,5,1337,1237,1998,RM,AllPub,TwnhsE,barata
245000,8,5,3,6,1563,1563,2007,RL,AllPub,1Fam,cara
126500,5,5,3,6,1065,1065,1960,RL,AllPub,1Fam,barata
168500,7,5,3,7,1474,384,1995,RL,AllPub,1Fam,barata
260000,8,5,4,9,2417,1288,1991,RL,AllPub,1Fam,cara
174000,6,5,3,6,1560,684,2005,RL,AllPub,1Fam,barata
164500,6,5,2,4,1224,612,2009,FV,AllPub,TwnhsE,barata
85000,3,2,2,6,1526,1013,1915,C (all),AllPub,1Fam,barata
123600,4,5,3,5,990,990,1994,RL,AllPub,1Fam,barata
109900,4,5,2,4,1040,0,1950,RL,AllPub,1Fam,barata
98600,5,3,2,6,1235,1235,1961,RL,AllPub,1Fam,barata
163500,5,7,2,5,964,876,1921,RL,AllPub,1Fam,barata
133900,6,6,4,9,2291,1214,1910,C (all),AllPub,2fmCon,barata
204750,6,5,3,7,1786,824,1997,RL,AllPub,1Fam,barata
185000,6,8,3,6,1470,680,1993,RL,AllPub,1Fam,barata
214000,7,5,3,6,1588,1588,1999,RL,AllPub,1Fam,barata
94750,4,5,3,6,960,960,1965,RL,AllPub,1Fam,barata
83000,5,5,2,5,835,458,1920,RL,AllPub,1Fam,barata
128950,4,5,3,6,1225,950,1959,RL,AllPub,1Fam,barata
205000,6,7,3,6,1610,1610,1977,RL,AllPub,1Fam,barata
178000,6,5,3,7,1732,741,1985,RL,AllPub,1Fam,barata
118964,5,5,4,8,1535,0,1979,RL,AllPub,Duplex,barata
198900,7,5,3,6,1226,1226,2009,RL,AllPub,1Fam,barata
169500,7,4,4,7,1818,1040,1931,RM,AllPub,1Fam,barata
250000,8,5,3,9,1992,1053,2003,FV,AllPub,1Fam,cara
100000,4,7,2,6,1047,641,1885,RM,AllPub,1Fam,barata
115000,5,5,2,5,789,789,1948,RM,AllPub,1Fam,barata
115000,5,7,3,7,1517,793,1919,RM,AllPub,1Fam,barata
190000,6,6,3,7,1844,1844,1977,RL,AllPub,1Fam,barata
136900,6,4,4,7,1855,994,1954,RL,AllPub,1Fam,barata
180000,7,5,3,7,1430,384,2000,RL,AllPub,1Fam,barata
383970,7,5,4,10,2696,1264,2007,RL,AllPub,1Fam,cara
217000,6,5,3,7,2259,1809,1953,RL,AllPub,1Fam,cara
259500,6,8,3,9,2320,1028,1945,RL,AllPub,1Fam,cara
176000,6,5,2,5,1458,729,1999,FV,AllPub,TwnhsE,barata
139000,5,5,3,6,1092,1092,1962,RL,AllPub,1Fam,barata
155000,5,5,2,5,1125,1125,2006,RL,AllPub,1Fam,barata
320000,7,5,5,11,3222,1673,1990,RL,AllPub,1Fam,cara
163990,6,5,3,8,1456,728,2005,RL,AllPub,1Fam,barata
180000,6,5,1,4,988,938,1969,RL,AllPub,1Fam,barata
100000,4,5,3,4,1123,732,1939,RM,AllPub,1Fam,barata
136000,6,7,3,5,1080,1080,1958,RL,AllPub,1Fam,barata
153900,6,5,2,5,1199,1199,1993,RL,AllPub,TwnhsE,barata
181000,6,5,3,7,1586,1362,1979,RL,AllPub,1Fam,barata
84500,6,8,2,5,754,520,1935,RM,AllPub,2fmCon,barata
128000,6,5,2,5,958,1078,1976,RL,AllPub,TwnhsE,barata
87000,5,7,3,5,840,672,1930,RM,AllPub,1Fam,barata
155000,6,5,3,6,1348,660,1966,RL,AllPub,1Fam,barata
150000,5,7,3,6,1053,1008,1958,RL,AllPub,1Fam,barata
226000,7,6,4,8,2157,924,1966,RL,AllPub,1Fam,cara
244000,6,5,3,7,2054,992,2000,RL,AllPub,1Fam,cara
150750,5,6,3,7,1327,1063,1959,RL,AllPub,1Fam,barata
220000,8,5,2,6,1296,1267,2001,RL,AllPub,1Fam,cara
180000,5,6,3,7,1721,1461,1968,RL,AllPub,1Fam,barata
174000,7,6,3,7,1682,1304,1970,RL,AllPub,1Fam,barata
143000,5,5,3,5,1214,1214,1967,RL,AllPub,1Fam,barata
171000,7,5,5,9,1959,1907,1988,RL,AllPub,Duplex,barata
230000,8,5,3,7,1852,1004,1999,RL,AllPub,1Fam,cara
231500,6,5,3,7,1764,928,1997,RL,AllPub,1Fam,cara
115000,4,5,3,5,864,864,1971,RL,AllPub,1Fam,barata
260000,7,5,3,7,1734,1734,2005,RL,AllPub,1Fam,cara
166000,5,4,4,6,1385,910,1952,RL,AllPub,1Fam,barata
204000,7,5,3,6,1501,1490,1999,RL,AllPub,1Fam,barata
125000,5,5,6,10,1728,1728,1963,RM,AllPub,Duplex,barata
130000,6,5,3,7,1709,970,2004,RM,AllPub,Twnhs,barata
105000,5,7,2,5,875,715,1931,RM,AllPub,1Fam,barata
222500,7,5,3,8,2035,884,2001,RL,AllPub,1Fam,cara
141000,7,5,3,6,1080,1080,2004,RL,AllPub,1Fam,barata
115000,5,4,3,7,1344,896,1936,RM,AllPub,1Fam,barata
122000,5,6,3,5,969,969,1975,RL,AllPub,1Fam,barata
372402,8,5,2,6,1710,1710,2007,RL,AllPub,1Fam,cara
190000,6,5,4,8,1993,825,1971,RL,AllPub,1Fam,barata
235000,6,7,1,4,1252,1602,1960,RL,AllPub,1Fam,cara
125000,6,5,4,7,1200,1200,1923,RM,AllPub,1Fam,barata
79000,6,5,2,5,1096,572,1924,RL,AllPub,1Fam,barata
109500,5,7,2,5,1040,0,1950,RL,AllPub,1Fam,barata
269500,8,5,4,8,1968,774,2009,RL,AllPub,1Fam,cara
254900,7,5,3,8,1947,991,2004,FV,AllPub,1Fam,cara
320000,7,5,4,9,2462,1392,2005,RL,AllPub,1Fam,cara
162500,6,6,3,6,1232,1232,1984,RL,AllPub,1Fam,barata
412500,9,5,3,10,2668,1572,2003,RL,AllPub,1Fam,cara
220000,7,5,3,7,1541,1541,2005,RL,AllPub,1Fam,cara
103200,4,6,1,4,882,882,1956,RL,AllPub,1Fam,barata
152000,6,7,3,5,1616,1149,1926,RM,AllPub,1Fam,barata
127500,5,7,4,6,1355,644,1940,RL,AllPub,2fmCon,barata
190000,5,5,2,7,1867,1617,1955,RL,AllPub,1Fam,barata
325624,8,5,3,8,2161,1582,2007,RL,AllPub,1Fam,cara
183500,7,5,3,7,1720,840,2004,RL,AllPub,1Fam,barata
228000,8,6,2,6,1707,1686,1981,RL,AllPub,1Fam,cara
128500,5,6,2,7,1382,720,1941,RM,AllPub,1Fam,barata
215000,6,5,3,7,1656,1080,1960,RL,AllPub,1Fam,cara
239000,7,7,2,5,1767,1064,1987,RL,AllPub,TwnhsE,cara
163000,6,5,3,6,1362,1362,1961,RL,AllPub,1Fam,barata
184000,6,5,3,7,1651,1606,1986,RL,AllPub,1Fam,barata
243000,6,7,4,7,2158,1202,1950,RL,AllPub,1Fam,cara
211000,6,5,4,8,2060,1151,1988,RL,AllPub,1Fam,barata
172500,5,5,4,8,1920,1052,1958,RL,AllPub,1Fam,barata
501837,9,5,1,9,2234,2216,2008,RL,AllPub,1Fam,cara
100000,5,6,2,5,968,968,1923,RM,AllPub,1Fam,barata
177000,6,5,3,5,1525,756,2000,FV,AllPub,Twnhs,barata
200100,7,6,4,9,1802,793,1920,RL,AllPub,1Fam,barata
120000,5,6,3,7,1340,0,1957,RL,AllPub,1Fam,barata
200000,7,5,3,6,2082,1362,2003,RM,AllPub,1Fam,barata
127000,5,8,3,5,1252,504,1908,RL,AllPub,1Fam,barata
475000,10,9,4,12,3608,1107,1892,RM,AllPub,1Fam,cara
173000,7,5,3,6,1217,1188,1990,RL,AllPub,1Fam,barata
135000,5,7,3,8,1656,660,1916,RL,AllPub,1Fam,barata
153337,5,5,2,6,1224,1086,1979,RL,AllPub,Duplex,barata
286000,8,5,0,5,1593,1593,2001,RL,AllPub,TwnhsE,cara
315000,8,8,3,10,2727,853,1932,RL,AllPub,1Fam,cara
184000,7,9,4,7,1479,725,1972,RL,AllPub,1Fam,barata
192000,7,5,3,6,1431,1431,1999,RL,AllPub,1Fam,barata
130000,7,5,3,7,1709,970,2004,RM,AllPub,Twnhs,barata
127000,5,7,3,5,864,864,1972,RL,AllPub,1Fam,barata
148500,6,6,3,7,1456,855,1976,RL,AllPub,Twnhs,barata
311872,7,5,3,8,1726,1726,2007,RL,AllPub,1Fam,cara
235000,8,4,4,8,3112,1360,1918,RL,AllPub,1Fam,cara
104000,6,6,5,8,2229,755,1912,RM,AllPub,1Fam,barata
274900,8,5,3,7,1713,1713,2004,RL,AllPub,1Fam,cara
140000,4,5,2,5,1121,1121,2003,RM,AllPub,1Fam,barata
171500,6,6,3,6,1279,1196,1977,RL,AllPub,1Fam,barata
112000,6,6,2,6,1310,617,1924,RL,AllPub,1Fam,barata
149000,6,5,1,3,848,848,2004,RM,AllPub,TwnhsE,barata
110000,5,7,2,5,1284,720,1947,RM,AllPub,1Fam,barata
180500,7,5,3,5,1442,1424,1990,RL,AllPub,1Fam,barata
143900,5,5,3,8,1696,1140,1962,RL,AllPub,1Fam,barata
141000,4,5,3,6,1100,1100,1960,RL,AllPub,1Fam,barata
277000,7,5,3,7,2062,1157,1988,RL,AllPub,1Fam,cara
145000,6,7,3,6,1092,1092,1964,RL,AllPub,1Fam,barata
98000,5,6,2,5,864,864,1925,RL,AllPub,1Fam,barata
186000,6,5,3,6,1212,1212,2009,RL,AllPub,1Fam,barata
252678,7,5,3,7,1852,900,2009,FV,AllPub,1Fam,cara
156000,5,5,3,5,990,990,1995,RL,AllPub,1Fam,barata
161750,6,7,3,6,1392,689,1977,RL,AllPub,1Fam,barata
134450,5,6,2,6,1236,1070,1957,RL,AllPub,1Fam,barata
210000,7,5,3,8,1436,1436,2004,RL,AllPub,1Fam,barata
107000,4,4,3,8,1328,686,1925,RM,AllPub,1Fam,barata
311500,7,9,3,8,1954,798,1939,RL,AllPub,1Fam,cara
167240,7,5,2,5,1248,1248,2005,RL,AllPub,TwnhsE,barata
204900,7,5,2,5,1498,1498,2006,RL,AllPub,1Fam,barata
200000,6,5,4,8,2267,1010,2002,RL,AllPub,1Fam,barata
179900,6,6,3,6,1552,713,1975,RL,AllPub,1Fam,barata
97000,4,6,2,4,864,864,1971,RL,AllPub,1Fam,barata
386250,10,5,3,8,2392,2392,2003,RL,AllPub,1Fam,cara
112000,5,5,3,6,1302,630,1971,RM,AllPub,Twnhs,barata
290000,7,5,4,9,2520,1203,1995,RL,AllPub,1Fam,cara
106000,6,6,2,5,987,483,1970,RM,AllPub,Twnhs,barata
125000,5,5,3,5,912,912,1967,RL,AllPub,1Fam,barata
192500,7,5,2,7,1555,1373,2005,RL,AllPub,TwnhsE,barata
148000,6,6,3,6,1194,1194,1959,RL,AllPub,1Fam,barata
403000,8,5,4,9,2794,1462,1995,RL,AllPub,1Fam,cara
94500,6,5,2,5,987,483,1972,RM,AllPub,Twnhs,barata
128200,5,6,3,5,894,894,1976,RL,AllPub,1Fam,barata
216500,6,5,4,8,1960,860,2002,RL,AllPub,1Fam,cara
89500,6,3,2,5,987,483,1971,RM,AllPub,TwnhsE,barata
185500,7,5,3,6,1414,1414,2004,RL,AllPub,1Fam,barata
194500,7,7,3,7,1744,996,1993,RL,AllPub,1Fam,barata
318000,8,5,3,7,1694,1694,2007,RL,AllPub,1Fam,cara
113000,6,4,3,7,1487,735,1945,RL,AllPub,1Fam,barata
262500,8,5,3,7,1566,1566,2008,FV,AllPub,1Fam,cara
110500,5,9,2,4,866,686,1945,RM,AllPub,1Fam,barata
79000,5,4,3,6,1440,540,1900,RM,AllPub,1Fam,barata
120000,6,6,3,6,1217,626,1980,RL,AllPub,TwnhsE,barata
205000,7,5,3,8,2110,948,1994,RL,AllPub,1Fam,barata
241500,7,5,3,6,1872,1845,1988,RL,AllPub,1Fam,cara
137000,6,8,4,9,1928,1020,1910,RM,AllPub,2fmCon,barata
140000,6,5,2,5,1375,1367,1954,RL,AllPub,1Fam,barata
180000,7,5,3,8,1668,840,2003,RL,AllPub,1Fam,barata
277000,6,7,4,7,2144,1444,1958,RL,AllPub,1Fam,cara
76500,3,2,3,6,1306,728,1940,RL,AllPub,1Fam,barata
235000,8,5,2,5,1625,1573,2006,RM,AllPub,TwnhsE,cara
173000,6,5,3,6,1640,798,2004,RL,AllPub,1Fam,barata
158000,6,7,3,7,1302,1302,1964,RL,AllPub,1Fam,barata
145000,5,6,3,5,1314,1314,1957,RL,AllPub,1Fam,barata
230000,7,5,4,8,2291,975,1999,RL,AllPub,1Fam,cara
207500,6,5,3,7,1728,864,2003,FV,AllPub,1Fam,barata
220000,7,5,3,8,1604,1604,2006,RL,AllPub,1Fam,cara
231500,7,5,3,7,1792,963,2001,RL,AllPub,1Fam,cara
97000,5,5,2,4,882,0,1956,RM,AllPub,1Fam,barata
176000,6,5,3,6,1382,1362,1962,RL,AllPub,1Fam,barata
276000,8,5,3,10,2574,1482,2007,RL,AllPub,1Fam,cara
151000,6,7,3,6,1212,506,1977,RL,AllPub,1Fam,barata
130000,5,7,3,6,1316,926,1929,RM,AllPub,1Fam,barata
73000,5,5,2,4,764,680,1925,RM,AllPub,1Fam,barata
175500,6,6,3,7,1422,1422,1981,RL,AllPub,1Fam,barata
185000,6,5,3,8,1511,802,1997,RL,AllPub,1Fam,barata
179500,5,8,4,8,2192,720,1939,RL,AllPub,1Fam,barata
120500,5,6,2,4,778,740,1940,RM,AllPub,1Fam,barata
148000,6,7,3,6,1113,1143,1976,RL,AllPub,1Fam,barata
266000,8,5,3,8,1939,1095,2006,FV,AllPub,1Fam,cara
241500,7,7,2,5,1363,1385,1954,RL,AllPub,1Fam,cara
290000,8,7,4,9,2270,1152,1999,RL,AllPub,1Fam,cara
139000,6,6,3,6,1632,1240,1958,RL,AllPub,1Fam,barata
124500,5,7,2,5,816,816,1982,RL,AllPub,1Fam,barata
205000,7,7,3,5,1548,952,1925,RL,AllPub,1Fam,barata
201000,7,5,3,7,1560,1560,2003,RL,AllPub,1Fam,barata
141000,4,5,2,4,864,864,1951,RL,AllPub,1Fam,barata
415298,9,5,3,8,2121,2121,2006,RL,AllPub,1Fam,cara
192000,7,5,4,8,2022,1160,1977,RL,AllPub,1Fam,barata
228500,7,6,3,7,1982,807,1989,RL,AllPub,1Fam,cara
185000,6,5,2,5,1262,1262,2006,FV,AllPub,1Fam,barata
207500,7,5,2,6,1314,1314,2007,RL,AllPub,Twnhs,barata
244600,8,5,3,6,1468,1468,2008,RL,AllPub,1Fam,cara
179200,6,5,2,5,1575,1575,1992,RL,AllPub,TwnhsE,barata
164700,7,5,2,5,1250,625,2006,FV,AllPub,TwnhsE,barata
159000,6,7,3,7,1734,912,1962,RL,AllPub,1Fam,barata
88000,4,4,3,5,858,858,1971,RL,AllPub,1Fam,barata
122000,5,5,3,5,900,882,1967,RL,AllPub,1Fam,barata
153575,6,7,3,7,1396,698,1915,RL,AllPub,1Fam,barata
233230,8,5,3,8,1919,1079,2006,RL,AllPub,1Fam,cara
135900,5,6,6,9,1716,780,1912,RL,AllPub,2fmCon,barata
131000,5,4,3,8,1716,768,1949,RL,AllPub,1Fam,barata
235000,7,7,3,9,2263,795,1977,RL,AllPub,1Fam,cara
167000,6,5,3,7,1644,1416,1953,RL,AllPub,1Fam,barata
142500,6,6,3,6,1003,1003,1984,RL,AllPub,1Fam,barata
152000,5,5,4,6,1558,910,1950,RM,AllPub,1Fam,barata
239000,7,5,3,7,1950,975,1997,FV,AllPub,1Fam,cara
175000,6,6,3,7,1743,702,1968,RL,AllPub,1Fam,barata
158500,6,8,3,6,1152,1092,1950,RL,AllPub,1Fam,barata
157000,5,5,2,5,1336,1165,1953,RL,AllPub,2fmCon,barata
267000,8,5,4,9,2452,1028,1998,RL,AllPub,1Fam,cara
205000,7,5,3,6,1541,1541,2001,RL,AllPub,1Fam,barata
149900,5,7,3,5,894,894,1972,RL,AllPub,1Fam,barata
295000,7,9,3,10,3493,1470,1880,RM,AllPub,1Fam,cara
305900,8,5,3,8,2000,2000,2004,RL,AllPub,1Fam,cara
225000,7,5,4,8,2243,700,1990,RL,AllPub,1Fam,cara
89500,6,7,3,6,1406,319,1920,RM,AllPub,1Fam,barata
82500,4,5,1,4,861,861,1940,RL,AllPub,1Fam,barata
360000,9,5,3,8,1944,1896,2003,RL,AllPub,1Fam,cara
165600,6,5,3,6,1501,697,1993,RL,AllPub,1Fam,barata
132000,6,6,2,5,972,972,1948,RL,AllPub,1Fam,barata
119900,5,7,3,5,1118,793,1939,RM,AllPub,2fmCon,barata
375000,7,5,3,8,2036,2136,1965,RL,AllPub,1Fam,cara
178000,7,7,3,6,1641,728,1925,RM,AllPub,1Fam,barata
188500,7,5,3,6,1432,716,2004,RL,AllPub,1Fam,barata
260000,7,7,4,10,2353,845,1980,RL,AllPub,1Fam,cara
270000,8,5,3,8,1959,1088,2006,FV,AllPub,1Fam,cara
260000,7,5,4,9,2646,1347,1993,RL,AllPub,1Fam,cara
187500,7,5,3,6,1472,1372,1980,RL,AllPub,1Fam,barata
342643,9,5,4,9,2596,1249,2006,RL,AllPub,1Fam,cara
354000,8,5,4,10,2468,1136,2004,RL,AllPub,1Fam,cara
301000,7,5,4,8,2730,1502,1986,RL,AllPub,1Fam,cara
126175,3,8,3,6,1163,1162,1955,RM,AllPub,1Fam,barata
242000,7,7,5,11,2978,710,1967,RL,AllPub,1Fam,cara
87000,5,6,2,5,803,720,1941,RM,AllPub,1Fam,barata
324000,8,5,1,6,1719,1719,1993,RL,AllPub,TwnhsE,cara
145250,6,5,3,7,1383,1383,1960,RL,AllPub,1Fam,barata
214500,6,6,5,10,2134,844,1916,RL,AllPub,1Fam,cara
78000,5,5,3,6,1192,596,1920,RM,AllPub,1Fam,barata
119000,5,4,6,10,1728,1728,1964,RL,AllPub,Duplex,barata
139000,5,6,3,6,1056,1056,1958,RL,AllPub,1Fam,barata
284000,8,5,3,7,1629,3206,2003,RL,AllPub,1Fam,cara
207000,7,5,2,6,1358,1358,2004,RM,AllPub,TwnhsE,barata
192000,6,5,3,7,1638,943,1998,RL,AllPub,1Fam,barata
228950,5,6,3,7,1786,1499,1965,RL,AllPub,2fmCon,cara
377426,9,5,3,8,1922,1922,2005,RL,AllPub,1Fam,cara
214000,7,5,3,7,1536,1536,2002,RL,AllPub,1Fam,barata
202500,7,7,3,8,1621,1208,1984,RL,AllPub,1Fam,barata
155000,6,7,3,6,1215,1215,1958,RL,AllPub,1Fam,barata
202900,8,5,4,9,1908,967,2002,RL,AllPub,1Fam,barata
82000,4,4,2,4,841,721,1950,RH,AllPub,1Fam,barata
87500,3,4,2,6,1040,0,1949,RL,AllPub,Duplex,barata
266000,9,5,2,6,1684,1684,2005,RL,AllPub,TwnhsE,cara
85000,5,3,3,4,1112,536,1976,RM,AllPub,TwnhsE,barata
140200,6,5,3,6,1577,972,1939,RL,AllPub,1Fam,barata
151500,6,8,2,5,958,958,1960,RL,AllPub,1Fam,barata
157500,6,5,3,6,1478,1478,1960,RL,AllPub,1Fam,barata
154000,7,5,2,6,1626,764,2003,RL,AllPub,Twnhs,barata
437154,9,5,4,10,2728,1848,2005,RL,AllPub,1Fam,cara
318061,9,5,2,6,1869,1869,2007,RL,AllPub,TwnhsE,cara
190000,7,5,2,6,1453,1453,1986,RL,AllPub,1Fam,barata
95000,5,6,3,5,1111,616,1941,RL,AllPub,1Fam,barata
105900,6,8,2,5,720,624,1928,RM,AllPub,1Fam,barata
140000,6,5,2,6,1595,940,1940,RL,AllPub,1Fam,barata
177500,6,5,3,6,1200,1200,1995,RL,AllPub,1Fam,barata
173000,6,6,3,6,1167,1158,1992,RL,AllPub,1Fam,barata
134000,5,5,3,6,1142,1142,1976,RM,AllPub,TwnhsE,barata
130000,5,4,3,6,1352,1062,1958,RL,AllPub,1Fam,barata
280000,8,5,3,7,1924,1086,1998,RL,AllPub,1Fam,cara
156000,6,6,2,5,912,888,1978,RL,AllPub,1Fam,barata
145000,5,5,3,8,1505,883,1940,RL,AllPub,1Fam,barata
198500,7,5,4,7,1922,0,2003,RL,AllPub,1Fam,barata
118000,6,8,2,5,987,483,1972,RM,AllPub,Twnhs,barata
190000,6,5,3,6,1574,796,1976,RL,AllPub,1Fam,barata
147000,5,7,3,6,1344,672,1920,RM,AllPub,1Fam,barata
159000,6,5,3,6,1394,1394,1963,RL,AllPub,1Fam,barata
165000,6,5,3,6,1431,1099,1962,RL,AllPub,1Fam,barata
132000,5,6,2,7,1268,1268,1954,RL,AllPub,1Fam,barata
162000,5,7,3,7,1287,1063,1959,RL,AllPub,1Fam,barata
172400,6,5,3,7,1664,953,2000,RL,AllPub,1Fam,barata
134432,4,4,4,7,1588,0,1959,RL,AllPub,1Fam,barata
125000,6,5,2,4,752,744,1984,RL,AllPub,TwnhsE,barata
123000,5,6,3,5,1319,608,1953,RL,AllPub,1Fam,barata
219500,7,5,4,8,1928,847,2003,RL,AllPub,1Fam,cara
61000,1,1,1,4,904,683,1922,RL,AllPub,1Fam,barata
148000,5,5,2,5,914,870,1996,RL,AllPub,1Fam,barata
340000,8,5,4,8,2466,1580,2004,FV,AllPub,1Fam,cara
394432,9,2,1,8,1856,1856,2010,RL,AllPub,1Fam,cara
179000,6,5,3,7,1800,982,2000,RL,AllPub,1Fam,barata
127000,5,6,3,6,1691,1026,1924,RL,AllPub,1Fam,barata
187750,7,5,2,5,1301,1293,2006,FV,AllPub,1Fam,barata
213500,7,5,3,8,1797,939,2006,RL,AllPub,1Fam,barata
76000,6,3,2,5,784,784,1928,RH,AllPub,1Fam,barata
240000,6,5,3,9,1953,1580,1992,RL,AllPub,1Fam,cara
192000,8,5,2,6,1269,1256,2004,RL,AllPub,TwnhsE,barata
81000,5,3,5,8,1184,658,1910,RL,AllPub,1Fam,barata
125000,6,6,3,6,1125,1041,1976,RL,AllPub,1Fam,barata
191000,7,5,3,6,1479,1468,1999,RL,AllPub,1Fam,barata
426000,10,5,3,9,2332,1682,2007,RL,AllPub,1Fam,cara
119000,5,8,4,7,1367,861,1900,RL,AllPub,1Fam,barata
215000,6,5,3,7,1961,804,2001,RL,AllPub,1Fam,cara
106500,5,7,3,5,882,0,1959,RL,AllPub,1Fam,barata
100000,4,5,2,4,788,788,1941,RL,AllPub,1Fam,barata
109000,5,6,2,5,1034,735,1940,RL,AllPub,1Fam,barata
129000,5,6,3,6,1144,1144,1956,RL,AllPub,1Fam,barata
123000,5,5,2,6,894,894,1972,RL,AllPub,1Fam,barata
169500,5,5,4,8,1812,864,1962,RL,AllPub,1Fam,barata
67000,5,2,2,6,1077,961,1920,RM,AllPub,1Fam,barata
241000,7,5,2,7,1550,1092,2006,FV,AllPub,1Fam,cara
245500,8,5,1,4,1288,1260,1996,RL,AllPub,TwnhsE,cara
164990,7,5,3,6,1310,1310,2005,RL,AllPub,1Fam,barata
108000,5,8,2,4,672,672,1940,RL,AllPub,1Fam,barata
258000,8,5,4,10,2263,1141,1998,RL,AllPub,1Fam,cara
168000,6,5,3,7,1572,806,1995,RL,AllPub,1Fam,barata
150000,4,4,3,8,1620,1281,1976,RL,AllPub,1Fam,barata
115000,6,5,3,6,1639,1064,1936,RL,AllPub,1Fam,barata
177000,6,7,4,8,1680,840,1915,RL,AllPub,1Fam,barata
280000,7,5,3,9,2172,1063,2006,RL,AllPub,1Fam,cara
339750,8,5,3,8,2078,1034,2007,FV,AllPub,1Fam,cara
60000,5,3,3,5,1276,1276,1958,RL,AllPub,1Fam,barata
145000,5,5,3,5,1056,1056,1955,RL,AllPub,2fmCon,barata
222000,7,5,2,7,1478,1470,2009,FV,AllPub,1Fam,cara
115000,5,6,2,5,1028,1008,1927,RM,AllPub,1Fam,barata
228000,7,5,3,9,2097,1080,1993,RL,AllPub,1Fam,cara
181134,7,5,3,6,1340,1340,2007,RL,AllPub,1Fam,barata
149500,6,7,3,6,1400,672,1978,RL,AllPub,1Fam,barata
239000,6,6,4,10,2624,1370,1918,RL,AllPub,1Fam,cara
126000,5,6,3,7,1134,756,1940,RL,AllPub,1Fam,barata
142000,5,6,3,6,1056,1056,1968,RL,AllPub,1Fam,barata
206300,7,5,2,8,1344,1344,1997,RM,AllPub,Duplex,barata
215000,6,7,3,8,1602,1602,1977,RL,AllPub,1Fam,cara
113000,5,5,2,4,988,988,1954,RL,AllPub,1Fam,barata
315000,8,5,4,8,2630,1470,1998,RL,AllPub,1Fam,cara
139000,6,5,2,6,1196,1196,1956,RL,AllPub,1Fam,barata
135000,7,8,3,6,1389,651,1946,RM,AllPub,1Fam,barata
275000,7,5,2,5,1644,1518,1989,RL,AllPub,1Fam,cara
109008,4,6,3,5,907,907,1957,RL,AllPub,1Fam,barata
195400,7,5,2,6,1208,1208,2007,RL,AllPub,1Fam,barata
175000,6,5,3,6,1412,1392,1988,RL,AllPub,1Fam,barata
85400,6,5,2,4,987,483,1971,RM,AllPub,Twnhs,barata
79900,6,7,4,7,1198,901,1920,RM,AllPub,1Fam,barata
122500,5,5,2,6,1365,765,1971,RM,AllPub,TwnhsE,barata
181000,6,5,3,7,1604,926,1997,RL,AllPub,1Fam,barata
81000,4,7,1,3,630,630,1972,RM,AllPub,Twnhs,barata
212000,7,6,3,6,1661,799,1996,RL,AllPub,1Fam,barata
116000,6,8,2,6,1118,648,1920,RM,AllPub,1Fam,barata
119000,6,7,2,4,904,884,1926,RM,AllPub,1Fam,barata
90350,5,6,2,4,694,440,1913,RL,AllPub,1Fam,barata
110000,6,8,3,7,1196,684,1920,RL,AllPub,1Fam,barata
555000,10,5,2,10,2402,3094,2008,RL,AllPub,1Fam,cara
118000,4,4,4,8,1440,1440,1955,RL,AllPub,Duplex,barata
162900,5,7,3,8,1573,1078,1930,RM,AllPub,1Fam,barata
172500,7,5,2,6,1258,1258,2006,RL,AllPub,TwnhsE,barata
210000,7,5,4,8,1908,915,1994,RL,AllPub,1Fam,barata
127500,6,5,3,7,1689,1436,1956,RL,AllPub,1Fam,barata
190000,6,6,2,6,1888,1517,1966,RL,AllPub,1Fam,barata
199900,7,5,4,10,1886,930,1998,RL,AllPub,1Fam,barata
119500,6,6,3,7,1376,780,1937,RM,AllPub,1Fam,barata
120000,3,7,2,6,1183,649,1948,RM,AllPub,1Fam,barata
110000,6,8,2,5,813,813,1930,RM,AllPub,1Fam,barata
280000,7,5,2,5,1533,1533,1975,RL,AllPub,1Fam,cara
204000,6,5,3,7,1756,872,1996,RL,AllPub,1Fam,barata
210000,8,5,3,6,1590,768,2008,FV,AllPub,1Fam,barata
188000,5,5,4,8,1728,1728,1976,RL,AllPub,Duplex,barata
175500,7,6,3,6,1242,1242,1973,RL,AllPub,1Fam,barata
98000,5,5,4,7,1344,624,1916,RM,AllPub,1Fam,barata
256000,4,6,2,6,1663,1364,1954,RL,AllPub,1Fam,cara
161000,8,7,3,7,1666,588,1925,RM,AllPub,1Fam,barata
110000,5,4,3,5,1203,709,1950,RL,AllPub,1Fam,barata
263435,8,5,3,8,1935,832,2009,FV,AllPub,1Fam,cara
155000,7,9,3,6,1135,560,1936,RL,AllPub,1Fam,barata
62383,5,5,3,5,864,864,1965,RL,AllPub,1Fam,barata
188700,6,7,3,6,1660,715,1934,RL,AllPub,1Fam,barata
124000,5,5,3,5,1040,1040,1978,RL,AllPub,1Fam,barata
178740,7,5,2,6,1414,1375,2004,RM,AllPub,TwnhsE,barata
167000,7,5,2,5,1277,1277,1970,RL,AllPub,1Fam,barata
146500,5,7,3,7,1644,728,1942,RL,AllPub,1Fam,barata
250000,8,5,3,7,1634,1626,2006,RL,AllPub,1Fam,cara
187000,6,5,3,7,1710,832,1993,RL,AllPub,1Fam,barata
212000,8,5,1,4,1502,1488,1985,RL,AllPub,TwnhsE,barata
190000,7,6,3,8,1969,808,1977,RL,AllPub,1Fam,barata
148000,6,5,2,5,1072,547,2005,RM,AllPub,TwnhsE,barata
440000,8,5,2,7,1976,1976,2006,RL,AllPub,1Fam,cara
251000,8,5,2,6,1652,1494,2000,RL,AllPub,TwnhsE,cara
132500,5,6,2,5,970,970,1963,RL,AllPub,1Fam,barata
208900,6,5,3,7,1493,1478,1997,RL,AllPub,1Fam,barata
380000,9,5,3,9,2643,2153,2006,RL,AllPub,1Fam,cara
297000,8,5,3,7,1718,1705,2007,RL,AllPub,1Fam,cara
89471,4,7,2,7,1131,907,1937,RM,AllPub,1Fam,barata
326000,9,5,3,8,1850,1833,2004,RL,AllPub,1Fam,cara
374000,9,5,2,6,1792,1792,2003,RL,AllPub,1Fam,cara
155000,7,8,4,7,1826,910,1915,RM,AllPub,1Fam,barata
164000,6,5,2,5,1216,1216,1998,RM,AllPub,Twnhs,barata
132500,5,7,3,6,999,999,1962,RL,AllPub,1Fam,barata
147000,5,7,3,5,1113,1113,1950,RL,AllPub,1Fam,barata
156000,5,7,3,6,1073,1073,1965,RL,AllPub,1Fam,barata
175000,5,6,3,7,1484,1484,1971,RL,AllPub,1Fam,barata
160000,5,4,3,10,2414,954,1900,RL,AllPub,2fmCon,barata
86000,4,8,1,3,630,630,1970,RM,AllPub,Twnhs,barata
115000,5,6,3,4,1304,264,1976,RM,AllPub,TwnhsE,barata
133000,6,7,3,5,1578,806,1941,RL,AllPub,1Fam,barata
172785,6,5,3,8,1456,728,2006,RL,AllPub,1Fam,barata
155000,5,6,3,6,1269,1269,1960,RL,AllPub,1Fam,barata
91300,5,8,2,4,886,190,1938,RM,AllPub,1Fam,barata
34900,4,5,2,4,720,720,1920,C (all),AllPub,1Fam,barata
430000,8,5,4,10,3228,3200,1992,RL,AllPub,1Fam,cara
184000,7,6,4,8,1820,1026,1925,RL,AllPub,1Fam,barata
130000,5,7,3,5,899,864,1967,RL,AllPub,1Fam,barata
120000,5,7,2,5,912,912,1958,RL,AllPub,1Fam,barata
113000,6,5,3,7,1218,672,1973,RM,AllPub,Twnhs,barata
226700,7,5,3,7,1768,866,2005,FV,AllPub,1Fam,cara
140000,5,7,2,6,1214,1214,1965,RL,AllPub,1Fam,barata
289000,7,8,1,6,1801,1501,1959,RL,AllPub,1Fam,cara
147000,6,5,3,6,1322,855,1974,RL,AllPub,TwnhsE,barata
124500,5,5,4,10,1960,960,1952,RM,AllPub,Duplex,barata
215000,8,5,3,8,1911,777,1993,RL,AllPub,1Fam,cara
208300,6,5,2,4,1218,1218,2009,FV,AllPub,1Fam,barata
161000,7,9,3,7,1378,689,1928,RM,AllPub,1Fam,barata
124500,5,6,3,6,1041,1041,1959,RL,AllPub,1Fam,barata
164900,5,7,2,6,1363,1008,1951,RL,AllPub,1Fam,barata
202665,7,5,2,6,1368,1368,2005,RL,AllPub,TwnhsE,barata
129900,5,5,3,5,864,864,1958,RL,AllPub,1Fam,barata
134000,6,5,3,5,1080,1084,1983,RL,AllPub,1Fam,barata
96500,5,5,2,5,789,768,1926,RL,AllPub,1Fam,barata
402861,10,5,3,9,2020,2006,2009,RL,AllPub,1Fam,cara
158000,6,6,3,7,2119,689,1972,RL,AllPub,1Fam,barata
265000,7,5,3,7,2344,1264,1996,RL,AllPub,1Fam,cara
211000,6,5,3,7,1796,794,1998,RL,AllPub,1Fam,barata
234000,7,9,3,9,2080,1276,1926,RL,AllPub,1Fam,cara
106250,4,7,3,7,1294,0,1900,RL,AllPub,2fmCon,barata
150000,6,6,3,6,1244,1244,1957,RL,AllPub,1Fam,barata
159000,6,7,3,7,1664,1004,1947,RM,AllPub,1Fam,barata
184750,10,5,3,11,4676,3138,2007,RL,AllPub,1Fam,barata
315750,7,5,3,8,2398,1379,1996,RL,AllPub,1Fam,cara
176000,7,5,3,6,1266,1257,2005,FV,AllPub,1Fam,barata
132000,5,7,2,4,928,928,1956,RL,AllPub,1Fam,barata
446261,9,5,3,11,2713,1452,2008,RL,AllPub,1Fam,cara
86000,4,7,2,5,605,528,1920,RL,AllPub,1Fam,barata
200624,6,3,4,9,2515,2035,1957,RL,AllPub,1Fam,barata
175000,6,5,3,5,1509,1461,1988,RL,AllPub,1Fam,barata
128000,6,8,3,6,1362,611,1920,RM,AllPub,1Fam,barata
107500,5,7,2,5,827,0,1955,RL,AllPub,1Fam,barata
39300,1,3,1,2,334,0,1946,RL,AllPub,1Fam,barata
178000,8,5,3,6,1414,707,2004,RL,AllPub,1Fam,barata
107500,5,7,3,5,1347,1117,1910,RL,AllPub,2fmCon,barata
188000,7,5,3,8,1724,880,1998,RL,AllPub,1Fam,barata
111250,4,5,3,5,864,864,1972,RL,AllPub,1Fam,barata
158000,5,5,3,7,1159,1051,1968,RL,AllPub,1Fam,barata
272000,8,5,3,6,1601,1581,2001,RL,AllPub,1Fam,cara
315000,9,5,2,8,1838,1838,2006,RL,AllPub,1Fam,cara
248000,8,5,4,8,2285,969,2000,RL,AllPub,1Fam,cara
213250,7,5,3,7,1680,1650,1998,RL,AllPub,1Fam,barata
133000,7,5,1,4,767,723,1998,RH,AllPub,TwnhsE,barata
179665,7,5,3,7,1496,654,2006,RL,AllPub,1Fam,barata
229000,7,5,4,9,2183,1204,1988,RL,AllPub,1Fam,cara
210000,6,7,3,6,1635,1065,1923,RL,AllPub,1Fam,barata
129500,5,7,2,5,768,768,1970,RL,AllPub,1Fam,barata
125000,5,7,2,4,825,825,1955,RM,AllPub,1Fam,barata
263000,7,5,4,8,2094,912,2003,FV,AllPub,1Fam,cara
140000,6,6,2,4,1069,1069,1977,RL,AllPub,TwnhsE,barata
112500,5,6,3,5,928,928,1957,RM,AllPub,1Fam,barata
255500,8,5,3,7,1717,1709,2006,RL,AllPub,1Fam,cara
108000,4,5,2,5,1126,0,1949,RL,AllPub,1Fam,barata
284000,7,5,3,8,2046,998,2003,RL,AllPub,1Fam,cara
113000,5,6,2,5,1048,993,1922,RM,AllPub,1Fam,barata
141000,5,5,2,6,1092,1092,1957,RL,AllPub,1Fam,barata
108000,4,6,3,7,1336,637,1920,C (all),AllPub,1Fam,barata
175000,7,5,3,6,1446,729,1996,RL,AllPub,1Fam,barata
234000,7,5,2,7,1557,1374,2003,RL,AllPub,TwnhsE,cara
121500,5,6,3,5,1392,1392,1957,RL,AllPub,1Fam,barata
170000,5,5,2,6,1389,1389,1974,RL,AllPub,1Fam,barata
108000,5,6,3,6,996,996,1940,RL,AllPub,1Fam,barata
185000,6,7,4,8,1674,1163,1918,RL,AllPub,1Fam,barata
268000,7,5,4,9,2295,1095,1992,RL,AllPub,1Fam,cara
128000,6,4,4,6,1647,806,1915,RL,AllPub,1Fam,barata
325000,9,5,4,11,2504,1122,2005,RL,AllPub,1Fam,cara
214000,7,5,3,7,1535,1517,2004,RL,AllPub,1Fam,barata
316600,8,8,1,5,2132,1496,1983,RL,AllPub,1Fam,cara
135960,5,5,2,4,943,943,1979,RL,AllPub,Duplex,barata
142600,5,5,6,10,1728,1728,1965,RL,AllPub,Duplex,barata
120000,6,6,2,4,864,864,1959,RL,AllPub,1Fam,barata
224500,7,5,3,6,1692,846,2009,RL,AllPub,1Fam,cara
170000,7,5,3,8,1430,384,2000,RL,AllPub,1Fam,barata
139000,5,7,3,5,1109,372,1971,RL,AllPub,1Fam,barata
118500,5,5,2,6,1216,832,1947,RL,AllPub,1Fam,barata
145000,7,7,3,6,1477,861,1928,RL,AllPub,1Fam,barata
164500,5,6,3,6,1320,1164,1966,RL,AllPub,1Fam,barata
146000,7,5,2,5,1392,689,2007,FV,AllPub,TwnhsE,barata
131500,5,5,4,7,1795,1050,1954,RM,AllPub,1Fam,barata
181900,6,6,3,7,1429,1144,1960,RL,AllPub,1Fam,barata
253293,8,5,3,8,2042,2042,2008,RL,AllPub,1Fam,cara
118500,6,5,3,5,816,816,1990,RL,AllPub,Duplex,barata
325000,10,9,3,9,2775,1237,1893,RM,AllPub,1Fam,cara
133000,4,7,3,6,1573,884,1935,RM,AllPub,1Fam,barata
369900,8,5,2,7,2028,1868,2005,RL,AllPub,1Fam,cara
130000,6,7,2,5,838,816,1918,RL,AllPub,1Fam,barata
137000,5,6,2,4,860,840,1982,RL,AllPub,1Fam,barata
143000,5,8,1,5,1473,1437,1968,RL,AllPub,1Fam,barata
79500,5,6,2,4,935,742,1930,RM,AllPub,1Fam,barata
185900,7,5,3,6,1582,770,2004,RL,AllPub,1Fam,barata
451950,10,5,3,10,2296,1722,2008,RL,AllPub,1Fam,cara
138000,5,8,2,4,816,816,1982,RL,AllPub,1Fam,barata
140000,6,5,1,4,848,848,2003,RM,AllPub,TwnhsE,barata
110000,5,6,3,5,924,924,1975,RL,AllPub,1Fam,barata
319000,8,5,3,7,1826,1814,2005,RL,AllPub,1Fam,cara
114504,6,7,3,7,1368,684,1910,RM,AllPub,1Fam,barata
194201,7,5,2,7,1402,1258,2006,RL,AllPub,TwnhsE,barata
217500,5,6,3,7,1647,1430,1977,RL,AllPub,1Fam,cara
151000,6,6,3,6,1556,716,1980,RM,AllPub,Twnhs,barata
275000,8,5,3,8,1904,1058,2005,RL,AllPub,1Fam,cara
141000,6,6,3,6,1375,780,1937,RM,AllPub,1Fam,barata
220000,8,5,3,8,1915,908,1992,RL,AllPub,1Fam,cara
151000,7,5,2,4,1200,600,2004,FV,AllPub,TwnhsE,barata
221000,7,5,3,6,1494,1494,2002,RL,AllPub,1Fam,cara
205000,7,6,3,7,1986,768,1965,RL,AllPub,1Fam,barata
152000,5,5,3,6,1040,1040,1996,RL,AllPub,1Fam,barata
225000,5,8,3,8,2008,896,1948,RL,AllPub,1Fam,cara
359100,8,6,4,10,3194,965,1934,RL,AllPub,1Fam,cara
118500,4,5,3,5,1029,1029,1961,RL,AllPub,1Fam,barata
313000,9,5,3,8,2153,1440,2000,RL,AllPub,1Fam,cara
148000,6,6,3,6,1032,1032,1978,RL,AllPub,1Fam,barata
261500,8,5,3,7,1872,1299,2001,RL,AllPub,1Fam,cara
147000,5,5,3,6,1120,1120,2007,RL,AllPub,1Fam,barata
75500,4,6,1,3,630,630,1972,RM,AllPub,TwnhsE,barata
137500,6,7,3,6,1054,936,1963,RL,AllPub,1Fam,barata
183200,6,5,3,7,1509,783,2002,RL,AllPub,1Fam,barata
105500,6,6,2,4,832,832,1954,RL,AllPub,1Fam,barata
314813,9,5,3,9,1828,1822,2007,RL,AllPub,1Fam,cara
305000,8,5,4,10,2262,1482,2003,RL,AllPub,1Fam,cara
67000,3,3,2,5,864,864,1914,RL,AllPub,1Fam,barata
240000,6,7,4,9,2614,1522,1974,RL,AllPub,1Fam,cara
135000,5,6,3,6,980,980,1977,RL,AllPub,1Fam,barata
168500,6,5,2,4,1512,756,2000,FV,AllPub,TwnhsE,barata
165150,6,5,4,8,1790,732,1972,RL,AllPub,1Fam,barata
160000,6,6,3,5,1116,1116,1962,RL,AllPub,1Fam,barata
139900,5,5,3,6,1422,978,1960,RL,AllPub,1Fam,barata
153000,6,6,3,7,1520,1156,1955,RL,AllPub,1Fam,barata
135000,5,5,5,9,2080,1040,1969,RL,AllPub,1Fam,barata
168500,6,5,3,6,1350,1248,1964,RL,AllPub,1Fam,barata
124000,5,6,3,8,1750,636,1880,RM,AllPub,1Fam,barata
209500,8,5,2,6,1554,1554,2006,RL,AllPub,Twnhs,barata
82500,7,5,3,6,1411,1386,1977,RL,AllPub,1Fam,barata
139400,5,7,3,6,1056,1056,1954,RL,AllPub,1Fam,barata
144000,6,5,0,4,1056,1056,1980,RL,AllPub,Duplex,barata
200000,6,7,8,14,3395,1440,1914,RH,AllPub,2fmCon,barata
60000,2,3,1,4,800,264,1936,RM,AllPub,1Fam,barata
93000,5,4,3,7,1387,811,1954,RM,AllPub,2fmCon,barata
85000,5,7,2,4,796,796,1910,RL,AllPub,1Fam,barata
264561,8,5,1,7,1567,1520,2006,RL,AllPub,TwnhsE,cara
274000,8,5,1,6,1518,1518,2003,RL,AllPub,TwnhsE,cara
226000,7,5,3,7,1929,1057,2001,FV,AllPub,1Fam,cara
345000,8,7,4,9,2704,1952,1972,RL,AllPub,1Fam,cara
152000,5,5,4,7,1620,780,1969,RL,AllPub,1Fam,barata
370878,9,5,2,7,1766,1766,2009,FV,AllPub,1Fam,cara
143250,6,5,3,5,981,981,1971,RL,AllPub,1Fam,barata
98300,5,5,3,7,1048,0,1950,RL,AllPub,1Fam,barata
155000,6,5,3,5,1094,1094,1953,RL,AllPub,1Fam,barata
155000,6,5,4,7,1839,756,1966,RL,AllPub,1Fam,barata
84500,4,6,1,3,630,630,1970,RM,AllPub,Twnhs,barata
205950,7,6,3,7,1665,813,2007,FV,AllPub,1Fam,barata
108000,4,5,4,7,1510,755,1940,RL,AllPub,1Fam,barata
191000,7,5,2,7,1716,880,1996,RL,AllPub,1Fam,barata
135000,6,7,3,7,1469,756,1906,RM,AllPub,1Fam,barata
350000,8,6,2,7,2113,2109,1995,RL,AllPub,1Fam,cara
88000,6,5,3,6,1092,525,1971,RM,AllPub,Twnhs,barata
145500,5,7,3,5,1053,1053,1959,RL,AllPub,1Fam,barata
149000,7,6,3,6,1502,776,1931,RL,AllPub,1Fam,barata
97500,6,5,3,6,1458,912,1948,RL,AllPub,1Fam,barata
167000,5,7,3,7,1486,1486,1964,RL,AllPub,1Fam,barata
197900,7,7,3,7,1935,793,1976,RL,AllPub,1Fam,barata
402000,8,7,4,8,2448,1629,1994,RL,AllPub,1Fam,cara
110000,6,3,2,5,1392,1392,1968,RL,AllPub,1Fam,barata
137500,4,5,3,6,1181,1138,1972,RL,AllPub,1Fam,barata
423000,8,5,1,8,2097,2077,2005,RL,AllPub,1Fam,cara
230500,8,5,3,7,1936,1406,2000,RL,AllPub,1Fam,cara
129000,6,5,3,7,2380,1021,1965,RL,AllPub,1Fam,barata
193500,6,5,3,7,1679,1408,1994,RL,AllPub,1Fam,barata
168000,5,6,3,6,1437,1188,1956,RL,AllPub,1Fam,barata
137500,4,5,2,5,1180,700,1922,RL,AllPub,1Fam,barata
173500,6,5,3,7,1476,738,2005,RL,AllPub,1Fam,barata
103600,6,6,3,6,1369,672,1925,RH,AllPub,1Fam,barata
165000,6,6,3,6,1208,1208,1977,RL,AllPub,1Fam,barata
257500,6,7,3,7,1839,1477,1957,RL,AllPub,1Fam,cara
140000,6,6,3,5,1136,1136,1965,RL,AllPub,1Fam,barata
148500,6,6,3,7,1441,855,1978,RL,AllPub,Twnhs,barata
87000,4,2,4,8,1774,1095,1900,RM,AllPub,1Fam,barata
109500,5,8,2,5,792,768,1924,RL,AllPub,1Fam,barata
372500,8,5,3,7,2046,2046,2008,RL,AllPub,1Fam,cara
128500,5,5,3,5,988,988,1961,RL,AllPub,1Fam,barata
143000,6,5,2,5,923,923,1980,RL,AllPub,TwnhsE,barata
159434,5,5,3,6,1520,793,1932,RH,AllPub,1Fam,barata
173000,6,5,2,6,1291,1291,1996,RL,AllPub,1Fam,barata
285000,9,5,3,7,1668,1626,2002,RL,AllPub,1Fam,cara
221000,7,5,4,7,1839,1195,1998,RL,AllPub,1Fam,cara
207500,7,5,3,6,2090,1190,1984,RL,AllPub,TwnhsE,barata
227875,7,6,3,7,1761,874,2007,FV,AllPub,1Fam,cara
148800,7,5,2,4,1102,551,2004,FV,AllPub,TwnhsE,barata
392000,8,6,2,7,1419,1419,2007,RL,AllPub,1Fam,cara
194700,6,5,2,6,1362,1362,2005,RL,AllPub,TwnhsE,barata
141000,6,5,1,3,848,848,2004,RM,AllPub,TwnhsE,barata
755000,10,6,4,10,4316,2444,1994,RL,AllPub,1Fam,cara
335000,7,5,4,9,2519,1210,1989,RL,AllPub,1Fam,cara
108480,5,6,2,4,1073,1073,1921,RL,AllPub,1Fam,barata
141500,5,6,3,5,1539,927,1936,RM,AllPub,1Fam,barata
176000,6,6,2,5,1137,1112,1987,RL,AllPub,1Fam,barata
89000,5,7,2,4,616,616,1921,RM,AllPub,1Fam,barata
123500,5,7,2,6,1148,980,1952,RL,AllPub,1Fam,barata
138500,5,8,3,5,894,894,1965,RL,AllPub,1Fam,barata
196000,7,5,2,5,1391,1391,2004,FV,AllPub,TwnhsE,barata
312500,8,5,3,7,1800,1800,2002,RL,AllPub,1Fam,cara
140000,7,5,3,6,1164,1164,1969,RL,AllPub,1Fam,barata
361919,8,5,4,10,2576,1234,2006,RL,AllPub,1Fam,cara
140000,5,9,4,8,1812,360,1900,RM,AllPub,2fmCon,barata
213000,7,5,3,7,1484,1473,2004,RL,AllPub,1Fam,barata
55000,4,5,3,7,1092,0,1930,RM,AllPub,2fmCon,barata
302000,7,5,2,5,1824,1643,1971,RL,AllPub,1Fam,cara
254000,8,5,2,6,1324,1324,2006,RL,AllPub,TwnhsE,cara
179540,7,5,3,8,1456,728,2007,RL,AllPub,1Fam,barata
109900,5,7,3,6,904,876,1966,RL,AllPub,1Fam,barata
52000,3,6,2,5,729,270,1935,RL,AllPub,1Fam,barata
102776,4,7,2,7,1178,859,1900,C (all),AllPub,1Fam,barata
189000,8,5,2,5,1228,1228,1988,RL,AllPub,TwnhsE,barata
129000,4,5,3,6,960,960,1970,RL,AllPub,2fmCon,barata
130500,6,8,3,6,1479,725,1976,RL,AllPub,1Fam,barata
165000,6,5,3,7,1350,1064,1974,RL,AllPub,1Fam,barata
159500,7,8,3,8,2554,718,1890,RM,AllPub,1Fam,barata
157000,5,6,3,5,1178,1176,1973,RL,AllPub,1Fam,barata
341000,7,5,3,9,2418,1311,1993,RL,AllPub,1Fam,cara
128500,5,6,3,5,971,971,1969,RL,AllPub,1Fam,barata
275000,8,5,2,5,1742,1742,1985,RL,AllPub,1Fam,cara
143000,6,5,1,3,848,848,2004,RM,AllPub,TwnhsE,barata
124500,4,7,3,5,864,864,1970,RL,AllPub,1Fam,barata
135000,4,6,4,7,1470,941,1954,RL,AllPub,1Fam,barata
320000,9,5,3,8,1698,1698,2007,RL,AllPub,1Fam,cara
120500,4,6,3,5,864,864,1970,RL,AllPub,1Fam,barata
222000,6,9,3,5,1680,880,1988,RL,AllPub,1Fam,cara
194500,7,5,2,6,1232,1232,2007,RL,AllPub,1Fam,barata
110000,5,5,4,9,1776,1584,1958,RL,AllPub,Duplex,barata
103000,4,5,2,5,1208,780,1925,RM,AllPub,1Fam,barata
236500,8,5,2,5,1616,1595,1995,RL,AllPub,TwnhsE,cara
187500,7,5,3,6,1146,868,2003,RL,AllPub,1Fam,barata
222500,7,5,3,8,2031,1153,1998,RL,AllPub,1Fam,cara
131400,5,6,3,6,1144,864,1961,RL,AllPub,1Fam,barata
108000,5,5,3,6,948,948,1968,RL,AllPub,1Fam,barata
163000,7,7,2,6,1768,880,1914,RM,AllPub,1Fam,barata
93500,3,4,2,6,1040,0,1950,RL,AllPub,Duplex,barata
239900,8,5,3,8,1801,893,2005,RL,AllPub,1Fam,cara
179000,5,5,3,5,1200,1200,1987,RL,AllPub,Duplex,barata
190000,7,5,3,7,1728,864,2004,RL,AllPub,1Fam,barata
132000,5,7,2,7,1432,264,1910,RM,AllPub,1Fam,barata
142000,6,8,3,5,912,912,1961,RL,AllPub,1Fam,barata
179000,7,5,3,6,1349,1349,2000,RL,AllPub,1Fam,barata
175000,5,6,3,6,1464,520,1963,RL,AllPub,1Fam,barata
180000,8,5,2,5,1337,1337,1993,RL,AllPub,TwnhsE,barata
299800,8,9,4,11,2715,1142,1976,RL,AllPub,1Fam,cara
236000,7,5,4,8,2256,952,2000,RL,AllPub,1Fam,cara
265979,7,7,4,8,2640,1240,1880,RM,AllPub,1Fam,cara
260400,7,5,3,7,1720,1720,1996,RL,AllPub,1Fam,cara
98000,4,3,4,9,1529,0,1945,RL,AllPub,1Fam,barata
96500,4,7,3,7,1140,576,1910,RM,AllPub,1Fam,barata
162000,7,5,3,6,1320,660,2003,RL,AllPub,1Fam,barata
217000,6,5,3,6,1494,1479,1997,RL,AllPub,1Fam,cara
275500,8,5,3,8,2098,1030,2005,RL,AllPub,1Fam,cara
156000,6,8,3,5,1026,1026,1969,RL,AllPub,1Fam,barata
172500,6,5,3,6,1471,729,1999,FV,AllPub,TwnhsE,barata
212000,8,5,3,7,1768,866,2007,RL,AllPub,1Fam,barata
158900,6,5,3,6,1386,672,1978,RL,AllPub,1Fam,barata
179400,7,5,3,6,1501,744,1999,FV,AllPub,Twnhs,barata
290000,8,5,4,9,2531,1318,1995,RL,AllPub,1Fam,cara
127500,6,6,2,5,864,864,1959,RL,AllPub,1Fam,barata
100000,5,5,2,5,1301,1145,1924,RM,AllPub,1Fam,barata
215200,7,5,3,7,1547,756,2009,FV,AllPub,1Fam,cara
337000,8,5,3,8,2365,1252,1999,RL,AllPub,1Fam,cara
270000,8,5,2,6,1494,1494,1995,RL,AllPub,TwnhsE,cara
264132,9,5,2,6,1506,1498,2008,RL,AllPub,1Fam,cara
196500,7,5,3,7,1714,980,1988,RL,AllPub,1Fam,barata
160000,6,7,4,7,1750,983,1940,RL,AllPub,1Fam,barata
216837,7,5,3,8,1836,1860,2004,RL,AllPub,1Fam,cara
538000,8,5,4,12,3279,1650,2003,RL,AllPub,1Fam,cara
134900,5,5,2,5,858,858,1982,RL,AllPub,1Fam,barata
102000,4,5,2,6,1220,836,1951,RL,AllPub,1Fam,barata
107000,6,5,3,6,1117,1029,1976,RL,AllPub,1Fam,barata
114500,5,5,2,5,912,912,1958,RL,AllPub,1Fam,barata
395000,8,5,3,9,1973,1935,2006,RL,AllPub,1Fam,cara
162000,6,5,2,5,1204,1204,1998,RM,AllPub,TwnhsE,barata
221500,7,5,3,7,1614,1614,2005,RL,AllPub,1Fam,cara
142500,5,5,3,5,894,864,1974,RL,AllPub,1Fam,barata
144000,5,5,4,10,2020,0,1977,RH,AllPub,Duplex,barata
135000,6,5,2,4,1004,975,1977,RL,AllPub,Duplex,barata
176000,7,5,3,6,1253,1237,1995,RL,AllPub,1Fam,barata
175900,6,5,3,7,1603,761,1992,RL,AllPub,1Fam,barata
187100,7,5,3,6,1430,1413,2001,RL,AllPub,1Fam,barata
165500,5,6,1,4,1110,1097,1978,RL,AllPub,1Fam,barata
128000,6,6,3,9,1484,742,1914,RM,AllPub,1Fam,barata
161500,6,5,3,7,1342,1372,1967,RL,AllPub,1Fam,barata
139000,5,6,4,7,1652,686,1915,RM,AllPub,1Fam,barata
233000,7,5,4,8,2084,956,2004,RL,AllPub,1Fam,cara
107900,4,7,2,4,901,901,1954,RM,AllPub,1Fam,barata
187500,6,8,5,9,2087,832,1966,RL,AllPub,1Fam,barata
160200,7,5,2,5,1145,1145,2005,RL,AllPub,TwnhsE,barata
146800,6,5,3,5,1062,1029,1976,RL,AllPub,1Fam,barata
269790,7,5,3,8,2013,1117,1996,RL,AllPub,1Fam,cara
225000,8,5,3,7,1496,1496,2007,RL,AllPub,1Fam,cara
194500,7,5,3,7,1895,712,1994,RL,AllPub,1Fam,barata
171000,6,6,3,7,1564,650,1980,RL,AllPub,1Fam,barata
143500,6,5,3,7,1285,660,1977,RL,AllPub,1Fam,barata
110000,5,5,2,4,773,773,1953,RL,AllPub,1Fam,barata
485000,9,5,4,11,3140,1926,2008,RL,AllPub,1Fam,cara
175000,5,7,3,7,1768,731,1937,RL,AllPub,1Fam,barata
200000,6,5,4,8,1688,616,1997,RL,AllPub,1Fam,barata
109900,4,7,2,5,1196,1196,1916,RM,AllPub,1Fam,barata
189000,7,5,3,7,1456,728,2005,RL,AllPub,1Fam,barata
582933,9,5,4,12,2822,1734,2008,RL,AllPub,1Fam,cara
118000,5,5,2,5,1128,936,1954,RL,AllPub,1Fam,barata
227680,7,5,3,6,1428,1417,2008,RL,AllPub,1Fam,cara
135500,5,5,3,6,980,980,1967,RL,AllPub,1Fam,barata
223500,5,6,3,6,1576,1324,1923,RL,AllPub,1Fam,cara
159950,5,5,3,6,1086,1024,1966,RL,AllPub,1Fam,barata
106000,5,5,2,11,2138,849,1898,RM,AllPub,1Fam,barata
181000,6,6,3,5,1309,1040,1974,RL,AllPub,1Fam,barata
144500,6,5,1,4,848,848,2004,RM,AllPub,TwnhsE,barata
55993,5,5,2,4,1044,540,1952,C (all),AllPub,1Fam,barata
157900,6,6,4,7,1442,1442,1958,RL,AllPub,1Fam,barata
116000,5,7,3,7,1250,686,1918,RL,AllPub,1Fam,barata
224900,7,5,3,6,1661,1649,1998,RL,AllPub,1Fam,cara
137000,5,6,2,4,1008,1008,1954,RL,AllPub,1Fam,barata
271000,8,5,3,7,1689,1568,2002,RL,AllPub,1Fam,cara
155000,6,7,3,6,1052,1010,1971,RL,AllPub,1Fam,barata
224000,7,5,2,6,1358,1358,2009,RL,AllPub,TwnhsE,cara
183000,7,5,3,6,1640,798,2003,RL,AllPub,1Fam,barata
93000,4,4,2,4,936,936,1953,RM,AllPub,2fmCon,barata
225000,7,5,3,7,1733,847,2003,RL,AllPub,1Fam,cara
139500,6,7,3,7,1489,778,1940,RL,AllPub,1Fam,barata
232600,8,5,3,7,1489,1489,2006,FV,AllPub,1Fam,cara
385000,10,5,2,7,2084,2078,2007,RL,AllPub,1Fam,cara
109500,5,6,2,5,784,784,1924,RM,AllPub,1Fam,barata
189000,7,5,3,6,1434,1454,2001,RL,AllPub,1Fam,barata
185000,5,5,3,7,2126,1013,1967,RL,AllPub,1Fam,barata
147400,7,5,2,4,1223,600,2005,FV,AllPub,Twnhs,barata
166000,6,5,3,6,1392,1392,1957,RL,AllPub,1Fam,barata
151000,7,5,2,4,1200,600,2005,FV,AllPub,TwnhsE,barata
237000,7,6,3,7,1829,941,2003,RL,AllPub,1Fam,cara
167000,6,6,3,6,1516,1516,1964,RL,AllPub,1Fam,barata
139950,5,6,3,6,1144,1144,1961,RL,AllPub,1Fam,barata
128000,4,7,2,4,1067,1067,1950,RL,AllPub,1Fam,barata
153500,5,6,2,5,1559,1559,1948,RM,AllPub,1Fam,barata
100000,6,5,2,5,987,483,1973,RM,AllPub,Twnhs,barata
144000,5,6,3,6,1099,1099,1995,RL,AllPub,1Fam,barata
130500,5,6,3,6,1200,768,1946,RL,AllPub,1Fam,barata
140000,6,8,4,7,1482,672,1925,RH,AllPub,1Fam,barata
157500,5,8,3,8,1539,650,1904,RM,AllPub,1Fam,barata
174900,6,7,3,6,1165,1127,1966,RL,AllPub,1Fam,barata
141000,5,4,6,10,1800,1800,1961,RL,AllPub,Duplex,barata
153900,5,8,4,7,1416,876,1915,RM,AllPub,1Fam,barata
171000,5,5,3,6,1701,1390,1975,RL,AllPub,1Fam,barata
213000,7,5,3,7,1775,740,1993,RL,AllPub,1Fam,barata
133500,5,6,3,5,864,864,1972,RL,AllPub,1Fam,barata
240000,6,8,5,10,2358,907,1908,RL,AllPub,1Fam,cara
187000,6,7,3,7,1855,528,1976,RL,AllPub,1Fam,barata
131500,6,5,1,3,848,848,2003,RM,AllPub,TwnhsE,barata
215000,8,5,2,7,1456,1273,2003,RL,AllPub,TwnhsE,cara
164000,7,5,4,7,1646,918,1941,RL,AllPub,1Fam,barata
158000,6,6,3,7,1445,1127,1964,RL,AllPub,1Fam,barata
170000,5,4,3,6,1779,1763,1955,RL,AllPub,1Fam,barata
127000,5,8,3,6,1040,1040,1962,RL,AllPub,1Fam,barata
147000,6,6,3,5,1026,940,1978,RL,AllPub,1Fam,barata
174000,6,5,3,6,1481,702,1994,RL,AllPub,1Fam,barata
152000,7,5,3,6,1370,1090,1976,RL,AllPub,1Fam,barata
250000,6,7,4,9,2654,1054,1968,RL,AllPub,1Fam,cara
189950,7,8,3,7,1426,912,1918,RL,AllPub,1Fam,barata
131500,5,4,3,6,1039,1039,1965,RL,AllPub,2fmCon,barata
152000,6,5,3,6,1097,1040,1984,RL,AllPub,1Fam,barata
132500,5,5,3,6,1148,1148,1959,RL,AllPub,1Fam,barata
250580,7,5,3,6,1372,1372,2007,FV,AllPub,1Fam,cara
148500,5,6,3,5,1002,1002,1970,RL,AllPub,1Fam,barata
248900,8,5,3,6,1646,1638,2006,RL,AllPub,1Fam,cara
129000,4,5,3,5,1120,1040,1961,RL,AllPub,1Fam,barata
169000,5,6,2,7,2320,0,1948,RL,AllPub,1Fam,barata
236000,7,5,3,8,1949,1050,1993,RL,AllPub,1Fam,cara
109500,5,5,2,5,894,894,1962,RL,AllPub,1Fam,barata
200500,6,5,3,7,1682,804,1998,RL,AllPub,1Fam,barata
116000,5,7,3,5,910,105,1953,RL,AllPub,1Fam,barata
133000,5,7,3,6,1268,832,1949,RL,AllPub,1Fam,barata
66500,5,6,3,5,1131,676,1941,RM,AllPub,1Fam,barata
303477,8,5,4,11,2610,1184,2007,FV,AllPub,1Fam,cara
132250,4,5,3,5,1040,1064,1963,RL,AllPub,1Fam,barata
350000,9,5,4,10,2224,1462,2004,RL,AllPub,1Fam,cara
148000,5,7,3,6,1155,1109,1961,RL,AllPub,1Fam,barata
136500,5,8,3,6,864,864,1978,RL,AllPub,1Fam,barata
157000,5,5,2,5,1090,1090,2005,RL,AllPub,1Fam,barata
187500,7,5,3,7,1717,1156,1990,RL,AllPub,1Fam,barata
178000,6,5,3,7,1593,808,1992,RL,AllPub,1Fam,barata
118500,4,5,5,10,2230,795,1912,RL,AllPub,1Fam,barata
100000,5,5,3,5,892,892,1967,RL,AllPub,1Fam,barata
328900,9,5,2,5,1709,1698,1999,FV,AllPub,TwnhsE,cara
145000,5,5,4,8,1712,1626,1959,RL,AllPub,Duplex,barata
135500,5,7,3,8,1393,816,1955,RL,AllPub,1Fam,barata
268000,8,6,4,8,2217,2217,1970,RL,AllPub,1Fam,cara
149500,6,4,2,6,1505,1505,1953,RL,AllPub,1Fam,barata
122900,5,7,3,6,924,672,1949,RL,AllPub,1Fam,barata
172500,6,5,3,7,1683,918,1978,RL,AllPub,1Fam,barata
154500,6,8,3,6,1068,1059,1963,RL,AllPub,1Fam,barata
165000,5,5,3,6,1383,1383,1954,RL,AllPub,1Fam,barata
118858,5,5,4,8,1535,0,1979,RL,AllPub,Duplex,barata
140000,6,5,4,8,1796,780,1963,RL,AllPub,1Fam,barata
106500,4,6,2,6,951,951,1936,RM,AllPub,1Fam,barata
142953,5,5,6,12,2240,0,1979,RL,AllPub,Duplex,barata
611657,9,5,2,11,2364,2330,2009,RL,AllPub,1Fam,cara
135000,5,7,3,6,1236,912,1961,RL,AllPub,1Fam,barata
110000,4,6,2,4,858,858,1971,RL,AllPub,1Fam,barata
153000,5,7,2,5,1306,992,1957,RL,AllPub,1Fam,barata
180000,7,5,3,8,1509,783,2003,RL,AllPub,1Fam,barata
240000,7,5,3,7,1670,1670,2006,RL,AllPub,1Fam,cara
125500,5,6,3,6,902,876,1967,RL,AllPub,1Fam,barata
128000,5,5,3,6,1063,1056,1954,RL,AllPub,1Fam,barata
255000,8,5,3,8,1636,1623,2006,RL,AllPub,1Fam,cara
250000,7,7,3,6,2057,1017,1936,RL,AllPub,1Fam,cara
131000,5,5,2,5,902,864,1983,RL,AllPub,1Fam,barata
174000,6,5,3,8,1484,742,2005,RL,AllPub,1Fam,barata
154300,5,5,5,12,2274,1105,1960,RL,AllPub,Duplex,barata
143500,5,7,3,5,1268,1268,1977,RL,AllPub,1Fam,barata
88000,5,7,3,6,1015,768,1925,RM,AllPub,1Fam,barata
145000,5,6,4,8,2002,1001,1949,RH,AllPub,Duplex,barata
173733,6,5,2,4,1224,612,2009,FV,AllPub,TwnhsE,barata
75000,4,5,3,6,1092,546,1970,RM,AllPub,Twnhs,barata
35311,2,3,1,4,480,480,1949,C (all),AllPub,1Fam,barata
135000,4,6,3,6,1229,1134,1956,RL,AllPub,1Fam,barata
238000,7,5,4,8,2127,1104,1991,RL,AllPub,1Fam,cara
176500,6,8,3,6,1414,1184,1958,RL,AllPub,1Fam,barata
201000,6,5,3,7,1721,928,1994,RL,AllPub,1Fam,barata
145900,5,7,4,9,2200,1272,1900,RL,AllPub,Duplex,barata
169990,6,5,3,6,1316,1316,2005,RL,AllPub,1Fam,barata
193000,6,5,2,5,1617,1604,1993,RL,AllPub,TwnhsE,barata
207500,6,6,3,7,1686,1686,1980,RL,AllPub,1Fam,barata
175000,5,6,3,6,1126,1126,1977,RL,AllPub,1Fam,barata
285000,8,5,4,10,2374,1181,2003,RL,AllPub,1Fam,cara
176000,7,5,4,9,1978,832,1968,RL,AllPub,1Fam,barata
236500,8,5,3,7,1788,1753,2001,RL,AllPub,1Fam,cara
222000,7,5,4,8,2236,964,1997,RL,AllPub,1Fam,cara
201000,8,5,3,7,1466,1466,2007,RL,AllPub,1Fam,barata
117500,5,6,2,5,925,925,1965,RL,AllPub,1Fam,barata
320000,9,5,3,8,1905,1905,2006,RL,AllPub,1Fam,cara
190000,7,5,3,6,1500,1500,2004,RL,AllPub,1Fam,barata
242000,7,7,4,9,2069,585,1960,RL,AllPub,1Fam,cara
79900,4,5,1,5,747,600,1926,RL,AllPub,1Fam,barata
184900,7,5,2,5,1200,1176,2003,RL,AllPub,1Fam,barata
253000,7,5,3,8,1971,1113,2005,RL,AllPub,1Fam,cara
239799,7,5,3,7,1962,1391,2006,RL,AllPub,1Fam,cara
244400,7,7,4,10,2403,1032,1940,RL,AllPub,1Fam,cara
150900,6,5,4,8,1728,1728,1976,RL,AllPub,Duplex,barata
214000,7,5,3,8,2060,992,1999,RL,AllPub,1Fam,barata
150000,4,3,4,8,1440,1440,1977,RL,AllPub,Duplex,barata
143000,5,4,4,8,1632,1632,1967,RL,AllPub,Duplex,barata
137500,6,6,3,7,1344,819,1958,RL,NoSeWa,1Fam,barata
124900,5,6,2,7,1869,1088,1890,RM,AllPub,1Fam,barata
143000,5,6,3,6,1144,1144,1959,RL,AllPub,1Fam,barata
270000,8,5,3,9,1629,1616,2002,RL,AllPub,1Fam,cara
192500,7,5,3,7,1776,936,2002,RL,AllPub,1Fam,barata
197500,6,7,3,5,1381,1161,1972,RL,AllPub,1Fam,barata
129000,5,8,3,5,864,864,1950,RL,AllPub,1Fam,barata
119900,5,5,3,6,965,828,1965,RH,AllPub,1Fam,barata
133900,5,8,2,5,768,768,1972,RL,AllPub,1Fam,barata
172000,5,4,4,7,1968,784,1969,RL,AllPub,1Fam,barata
127500,6,5,4,4,980,945,1975,RL,AllPub,Duplex,barata
145000,6,6,4,8,1958,979,1946,RH,AllPub,Duplex,barata
124000,6,6,2,5,1229,561,1980,RM,AllPub,TwnhsE,barata
132000,5,5,3,6,1057,1057,1962,RL,AllPub,1Fam,barata
185000,7,5,3,6,1337,1337,2003,RL,AllPub,1Fam,barata
155000,7,5,3,6,1416,696,1999,FV,AllPub,Twnhs,barata
116500,5,7,2,4,858,858,1958,RL,AllPub,1Fam,barata
272000,6,7,4,11,2872,1330,1977,RL,AllPub,1Fam,cara
155000,6,6,3,7,1548,804,1976,RL,AllPub,TwnhsE,barata
239000,9,5,2,7,1800,1800,2007,RL,AllPub,1Fam,cara
214900,7,5,4,8,1894,817,2002,RL,AllPub,1Fam,cara
178900,6,5,3,8,1484,783,2005,RL,AllPub,1Fam,barata
160000,5,7,2,7,1308,728,1940,RL,AllPub,1Fam,barata
135000,5,7,3,6,1098,1098,1955,RL,AllPub,1Fam,barata
37900,3,6,2,6,968,600,1910,RM,AllPub,1Fam,barata
140000,6,5,2,6,1095,588,1958,RL,AllPub,2fmCon,barata
135000,4,4,4,6,1192,720,1949,RL,AllPub,1Fam,barata
173000,7,5,2,6,1626,764,2003,RL,AllPub,Twnhs,barata
99500,6,5,2,5,918,918,1979,RL,AllPub,TwnhsE,barata
182000,7,5,3,6,1428,1428,2007,FV,AllPub,1Fam,barata
167500,7,8,3,8,2019,728,1910,RL,AllPub,1Fam,barata
165000,7,5,3,6,1382,673,2000,FV,AllPub,Twnhs,barata
85500,4,7,2,4,869,440,1923,RL,AllPub,1Fam,barata
199900,7,5,1,4,1241,1241,2006,FV,AllPub,TwnhsE,barata
110000,4,5,3,5,894,894,1954,RL,AllPub,1Fam,barata
139000,5,6,3,5,1121,1121,1963,RL,AllPub,1Fam,barata
178400,7,9,3,6,999,944,1961,RL,AllPub,1Fam,barata
336000,8,5,4,8,2612,1225,1998,RL,AllPub,1Fam,cara
159895,7,5,2,6,1266,1266,2007,RL,AllPub,1Fam,barata
255900,8,5,4,9,2290,1128,2002,RL,AllPub,1Fam,cara
126000,5,5,4,8,1734,0,1977,RL,AllPub,Duplex,barata
125000,5,5,3,5,1164,1164,1950,RL,AllPub,2fmCon,barata
117000,6,8,2,5,1635,485,1910,RM,AllPub,1Fam,barata
395192,9,5,3,8,1940,1930,2009,RL,AllPub,1Fam,cara
195000,6,6,4,8,2030,848,1976,RL,AllPub,1Fam,barata
197000,7,5,3,6,1576,770,2006,FV,AllPub,1Fam,barata
348000,8,5,3,7,2392,1396,1997,RL,AllPub,1Fam,cara
168000,8,9,4,8,1742,916,1882,RM,AllPub,1Fam,barata
187000,6,8,3,7,1851,822,1964,RL,AllPub,1Fam,barata
173900,6,5,3,6,1500,750,2005,RL,AllPub,1Fam,barata
337500,10,5,3,7,1718,1700,2006,RL,AllPub,1Fam,cara
121600,4,7,3,5,1230,747,1946,RL,AllPub,1Fam,barata
136500,5,6,3,6,1050,1050,1961,RL,AllPub,1Fam,barata
185000,6,6,2,6,1442,1442,1970,RL,AllPub,1Fam,barata
91000,3,4,3,6,1077,1007,1922,RM,AllPub,1Fam,barata
206000,7,5,2,6,1208,1187,2006,RL,AllPub,1Fam,barata
82000,3,3,2,4,944,0,1952,RL,AllPub,1Fam,barata
86000,5,6,2,4,691,691,1920,RL,AllPub,1Fam,barata
232000,8,5,3,7,1574,1574,2006,RL,AllPub,1Fam,cara
136905,5,6,4,8,1680,1680,1976,RL,AllPub,Duplex,barata
181000,7,5,1,7,1504,1346,2005,RL,AllPub,TwnhsE,barata
149900,5,8,3,6,985,985,1977,RL,AllPub,1Fam,barata
163500,6,3,3,7,1657,1657,1970,RL,AllPub,1Fam,barata
88000,4,4,3,6,1092,546,1970,RM,AllPub,TwnhsE,barata
240000,7,5,3,7,1710,1710,2004,RL,AllPub,1Fam,cara
102000,5,5,4,7,1522,1008,1926,RL,AllPub,1Fam,barata
135000,5,5,4,7,1271,720,1948,RL,AllPub,1Fam,barata
100000,5,5,4,8,1664,0,1965,RL,AllPub,Duplex,barata
165000,6,7,3,7,1502,602,1923,RL,AllPub,1Fam,barata
85000,5,4,2,4,1022,1022,1910,RM,AllPub,1Fam,barata
119200,6,5,2,5,1082,1082,1948,RL,AllPub,1Fam,barata
227000,8,6,3,6,1665,810,2001,RL,AllPub,1Fam,cara
203000,7,5,3,6,1504,1504,1996,RL,AllPub,1Fam,barata
187500,8,5,1,4,1360,1220,1984,RL,AllPub,TwnhsE,barata
160000,7,5,3,7,1472,384,1991,RL,AllPub,1Fam,barata
213490,7,5,2,6,1506,1362,2005,RL,AllPub,TwnhsE,barata
176000,4,5,2,5,1132,1132,2005,RL,AllPub,1Fam,barata
194000,7,5,2,6,1220,1199,2006,RL,AllPub,1Fam,barata
87000,5,5,2,6,1248,912,1930,RM,AllPub,1Fam,barata
191000,7,5,2,7,1504,1346,2005,RL,AllPub,TwnhsE,barata
287000,8,6,2,10,2898,1565,1976,RL,AllPub,1Fam,cara
112500,5,5,3,5,882,882,1972,RL,AllPub,1Fam,barata
167500,5,5,3,6,1264,1268,1960,RL,AllPub,1Fam,barata
293077,8,5,3,7,1646,1638,2007,RL,AllPub,1Fam,cara
105000,5,5,3,6,1376,768,1941,RL,AllPub,1Fam,barata
118000,6,7,3,7,1218,672,1972,RM,AllPub,Twnhs,barata
160000,5,8,5,10,1928,686,1916,RH,AllPub,2fmCon,barata
197000,7,3,5,12,3082,824,1920,RL,AllPub,1Fam,barata
310000,8,7,5,10,2520,1338,1993,RL,AllPub,1Fam,cara
230000,7,5,3,6,1654,1654,2002,RL,AllPub,1Fam,cara
119750,5,7,2,5,954,920,1938,RL,AllPub,1Fam,barata
84000,4,3,3,5,845,0,1957,RL,AllPub,1Fam,barata
315500,9,5,2,6,1620,1620,2007,RL,AllPub,1Fam,cara
287000,8,5,3,7,2263,1055,2001,RL,AllPub,1Fam,cara
97000,4,6,3,6,1344,546,1970,RM,AllPub,Twnhs,barata
80000,4,4,1,3,630,630,1970,RM,AllPub,TwnhsE,barata
155000,5,4,3,8,1803,1134,1957,RL,AllPub,1Fam,barata
173000,6,8,4,7,1632,800,1966,RL,AllPub,1Fam,barata
196000,6,5,1,5,1306,1306,2005,RL,AllPub,Twnhs,barata
262280,7,5,4,10,2329,1475,1990,RL,AllPub,1Fam,cara
278000,8,5,4,9,2524,2524,1981,RL,AllPub,1Fam,cara
139600,3,5,4,8,1733,0,1955,RL,AllPub,1Fam,barata
556581,9,5,4,11,2868,1992,2005,RL,AllPub,1Fam,cara
145000,5,5,3,5,990,990,1994,RL,AllPub,1Fam,barata
115000,5,4,3,9,1771,0,1960,RL,AllPub,1Fam,barata
84900,4,7,2,6,930,0,1946,RL,AllPub,1Fam,barata
176485,7,5,3,6,1302,1302,2007,RL,AllPub,1Fam,barata
200141,7,5,3,6,1316,1316,2007,RL,AllPub,1Fam,barata
165000,6,6,4,9,1977,816,1964,RL,AllPub,1Fam,barata
144500,5,6,4,7,1526,1216,1957,RL,AllPub,1Fam,barata
255000,8,5,3,7,1989,1065,2002,RL,AllPub,1Fam,cara
180000,6,5,3,7,1523,1193,1976,RL,AllPub,1Fam,barata
185850,7,5,2,6,1364,1364,2005,RL,AllPub,TwnhsE,barata
248000,7,6,3,7,1850,973,1994,RL,AllPub,1Fam,cara
335000,9,5,3,10,2184,1104,2008,RL,AllPub,1Fam,cara
220000,6,7,3,7,1991,854,1932,RL,AllPub,1Fam,cara
213500,8,5,2,6,1338,1338,2001,RL,AllPub,TwnhsE,barata
81000,3,4,2,6,894,894,1935,C (all),AllPub,1Fam,barata
90000,5,5,5,10,2337,662,1900,RM,AllPub,2fmCon,barata
110500,6,6,2,5,1103,1103,1925,RM,AllPub,1Fam,barata
154000,5,6,3,6,1154,1154,1966,RL,AllPub,1Fam,barata
328000,7,5,3,7,2260,1306,1996,RL,AllPub,1Fam,cara
178000,6,7,3,7,1571,799,1993,RL,AllPub,1Fam,barata
167900,6,6,4,7,1611,780,1964,RL,AllPub,1Fam,barata
151400,6,4,5,10,2521,942,1973,RM,AllPub,TwnhsE,barata
135000,5,7,2,4,893,845,1949,RL,AllPub,1Fam,barata
135000,5,5,3,6,1048,1048,1956,RL,AllPub,1Fam,barata
154000,6,6,4,8,1556,727,1968,RL,AllPub,1Fam,barata
91500,5,3,4,7,1456,810,1948,RL,AllPub,1Fam,barata
159500,6,6,3,6,1426,690,1977,RL,AllPub,1Fam,barata
194000,7,5,2,5,1240,1240,2006,RL,AllPub,1Fam,barata
219500,7,6,3,6,1740,800,1940,RL,AllPub,1Fam,cara
170000,5,8,3,7,1466,796,1936,RL,AllPub,1Fam,barata
138800,5,5,3,6,1096,1096,1969,RL,AllPub,1Fam,barata
155900,6,5,1,3,848,848,2004,RM,AllPub,TwnhsE,barata
126000,5,5,3,5,990,990,1994,RL,AllPub,1Fam,barata
145000,6,7,3,5,1258,1258,1971,RL,AllPub,1Fam,barata
133000,5,5,3,5,1040,1040,1963,RL,AllPub,1Fam,barata
192000,7,5,3,6,1459,1459,2002,RL,AllPub,1Fam,barata
160000,6,6,3,6,1251,1251,1964,RL,AllPub,1Fam,barata
187500,6,5,3,6,1498,691,1995,RL,AllPub,1Fam,barata
147000,6,6,2,5,996,936,1992,RL,AllPub,1Fam,barata
83500,4,5,3,6,1092,546,1973,RM,AllPub,TwnhsE,barata
252000,8,5,3,9,1953,1082,2005,FV,AllPub,1Fam,cara
137500,7,5,3,7,1709,970,2004,RM,AllPub,Twnhs,barata
197000,8,5,1,4,1247,1247,2005,FV,AllPub,TwnhsE,barata
92900,3,4,2,6,1040,0,1950,RL,AllPub,Duplex,barata
160000,7,5,2,4,1252,600,1999,FV,AllPub,Twnhs,barata
136500,6,5,4,7,1694,1181,1925,RL,AllPub,1Fam,barata
146000,5,8,1,6,1200,864,1965,RL,AllPub,1Fam,barata
129000,5,7,2,4,936,936,1956,RL,AllPub,1Fam,barata
176432,6,5,3,6,1314,1314,2006,RL,AllPub,1Fam,barata
127000,6,7,3,7,1355,684,1914,RM,AllPub,1Fam,barata
170000,8,5,2,5,1088,1074,1986,RL,AllPub,TwnhsE,barata
128000,4,6,3,6,1324,672,1936,RM,AllPub,1Fam,barata
157000,7,5,3,7,1601,1271,1978,RL,AllPub,1Fam,barata
60000,2,5,1,3,438,290,1920,RL,AllPub,1Fam,barata
119500,5,5,3,5,950,950,1971,RL,AllPub,1Fam,barata
135000,5,7,2,6,1134,1010,1960,RL,AllPub,1Fam,barata
159500,6,6,3,6,1194,655,1959,RL,AllPub,1Fam,barata
106000,5,5,3,6,1302,630,1970,RM,AllPub,TwnhsE,barata
325000,8,5,3,9,2622,1463,1994,RL,AllPub,1Fam,cara
179900,7,5,3,6,1442,910,1990,RL,AllPub,1Fam,barata
274725,7,5,3,9,2021,868,2006,RL,AllPub,1Fam,cara
181000,6,5,3,7,1690,924,2000,RL,AllPub,1Fam,barata
280000,8,5,3,7,1836,1836,2004,RL,AllPub,1Fam,cara
188000,6,5,3,8,1658,773,1995,RL,AllPub,1Fam,barata
205000,7,6,4,8,1964,803,1976,RL,AllPub,1Fam,barata
129900,5,7,2,5,816,816,1957,RL,AllPub,1Fam,barata
134500,5,7,2,6,1008,1008,1953,RL,AllPub,1Fam,barata
117000,5,7,2,4,833,833,1954,RL,AllPub,1Fam,barata
318000,8,5,3,7,1734,1734,2007,RL,AllPub,1Fam,cara
184100,8,5,3,7,1419,408,2002,RL,AllPub,1Fam,barata
130000,5,7,3,5,894,894,1967,RL,AllPub,1Fam,barata
140000,5,6,3,6,1601,533,1958,RL,AllPub,1Fam,barata
133700,5,5,3,6,1040,1040,1959,RL,AllPub,1Fam,barata
118400,6,5,2,6,1012,1012,1920,RM,AllPub,1Fam,barata
212900,7,5,3,7,1552,1552,2005,RL,AllPub,1Fam,barata
112000,4,3,3,5,960,672,1956,RL,AllPub,1Fam,barata
118000,5,9,2,4,698,698,1947,RL,AllPub,1Fam,barata
163900,7,5,3,7,1482,384,1992,RL,AllPub,1Fam,barata
115000,4,5,2,5,1005,1005,1955,RL,AllPub,1Fam,barata
174000,7,5,2,7,1555,1373,2007,RL,AllPub,TwnhsE,barata
259000,7,5,3,7,1530,1530,2004,RL,AllPub,1Fam,cara
215000,7,5,4,8,1959,847,2004,RL,AllPub,1Fam,cara
140000,5,5,2,4,936,936,1980,RM,AllPub,Duplex,barata
135000,4,3,4,7,1981,1122,1928,RL,AllPub,1Fam,barata
93500,5,5,3,5,974,974,1991,RL,AllPub,1Fam,barata
117500,6,4,5,8,2210,1008,1880,RM,AllPub,1Fam,barata
239500,8,5,3,8,2020,1128,1995,RL,AllPub,1Fam,cara
169000,6,5,3,7,1600,916,1997,RL,AllPub,1Fam,barata
102000,6,5,2,5,986,960,1926,RM,AllPub,1Fam,barata
119000,6,5,3,6,1252,1032,1950,RL,AllPub,1Fam,barata
94000,5,8,2,6,1020,780,1875,RL,AllPub,1Fam,barata
196000,6,5,2,5,1567,1567,1977,RL,AllPub,1Fam,barata
144000,5,5,3,6,1167,915,1920,RL,AllPub,1Fam,barata
139000,5,7,2,4,952,952,1951,RL,AllPub,1Fam,barata
197500,5,7,4,9,1868,780,1976,RL,AllPub,1Fam,barata
424870,8,5,4,11,2828,1466,2006,RL,AllPub,1Fam,cara
80000,5,3,3,5,1006,1006,1959,RL,AllPub,1Fam,barata
80000,4,4,2,5,924,672,1941,RL,AllPub,2fmCon,barata
149000,5,6,3,8,1576,1042,1928,RM,AllPub,1Fam,barata
180000,6,5,3,5,1298,1298,1985,RL,AllPub,1Fam,barata
174500,7,7,3,7,1564,704,1941,RL,AllPub,1Fam,barata
116900,7,7,2,5,1111,572,1926,RM,AllPub,1Fam,barata
143000,7,9,3,7,1482,650,1920,RM,AllPub,1Fam,barata
124000,6,5,2,4,932,932,1950,RL,AllPub,1Fam,barata
149900,5,4,3,6,1466,1466,1959,RL,AllPub,1Fam,barata
230000,6,7,2,6,1811,1073,1956,RL,AllPub,1Fam,cara
120500,6,8,2,5,816,816,1930,RM,AllPub,1Fam,barata
201800,7,6,4,8,1820,864,1965,RL,AllPub,1Fam,barata
218000,5,8,3,6,1437,1437,1976,RL,AllPub,1Fam,cara
179900,5,8,3,6,1265,1219,1965,RL,AllPub,1Fam,barata
230000,7,5,2,6,1314,1314,2007,RL,AllPub,Twnhs,cara
235128,8,5,3,7,1580,1580,2007,RL,AllPub,1Fam,cara
185000,6,6,4,8,1876,901,1974,RL,AllPub,1Fam,barata
146000,6,5,3,7,1456,855,1978,RL,AllPub,Twnhs,barata
224000,6,7,3,7,1640,1296,1954,RL,AllPub,1Fam,cara
129000,5,5,3,5,894,894,1968,RL,AllPub,1Fam,barata
108959,4,4,0,6,1258,1198,1969,RL,AllPub,Duplex,barata
194000,5,7,2,5,1432,1360,1978,RL,AllPub,1Fam,barata
233170,7,5,3,7,1502,1502,2009,RL,AllPub,1Fam,cara
245350,8,5,3,7,1694,1694,2008,RL,AllPub,1Fam,cara
173000,6,5,3,7,1671,959,2000,RL,AllPub,1Fam,barata
235000,6,7,4,7,2108,1127,1935,RL,AllPub,1Fam,cara
625000,10,5,4,10,3627,1930,1995,RL,AllPub,1Fam,cara
171000,6,6,3,6,1118,1096,1977,RL,AllPub,1Fam,barata
163000,6,6,3,6,1261,1261,1958,RL,AllPub,1Fam,barata
171900,7,5,2,5,1250,625,2006,FV,AllPub,TwnhsE,barata
200500,5,6,3,12,3086,1598,1946,RL,AllPub,1Fam,barata
239000,6,8,4,9,2345,952,1932,RL,AllPub,1Fam,cara
285000,8,5,4,9,2872,1683,1992,RL,AllPub,1Fam,cara
119500,5,5,3,5,923,876,1984,RL,AllPub,1Fam,barata
115000,6,8,3,5,1224,818,1926,RM,AllPub,1Fam,barata
154900,5,6,3,7,1343,731,1921,RL,AllPub,1Fam,barata
93000,5,5,3,5,1124,0,1954,RL,AllPub,1Fam,barata
250000,7,5,4,8,2514,1216,1990,RL,AllPub,1Fam,cara
392500,8,5,2,5,1652,1600,2008,RM,AllPub,TwnhsE,cara
745000,10,5,4,10,4476,2396,1996,RL,AllPub,1Fam,cara
120000,5,6,2,5,1130,1120,1920,RL,AllPub,1Fam,barata
186700,5,4,3,5,1572,1572,1963,RL,AllPub,1Fam,barata
104900,5,7,4,7,1221,784,1924,RL,AllPub,1Fam,barata
95000,3,5,3,7,1699,978,1900,RL,AllPub,2fmCon,barata
262000,8,5,2,5,1624,1624,1994,RL,AllPub,1Fam,cara
195000,7,5,3,7,1660,831,2002,RL,AllPub,1Fam,barata
189000,7,5,3,7,1804,994,1999,RL,AllPub,1Fam,barata
168000,4,4,3,7,1622,1249,1961,RL,AllPub,2fmCon,barata
174000,8,5,2,5,1441,776,1999,FV,AllPub,Twnhs,barata
125000,5,8,3,6,1472,702,1925,RM,AllPub,1Fam,barata
165000,6,5,2,5,1224,1224,1999,RM,AllPub,TwnhsE,barata
158000,6,7,4,7,1352,663,1969,RL,AllPub,1Fam,barata
176000,6,5,3,8,1456,728,2005,RL,AllPub,1Fam,barata
219210,7,5,4,9,1863,879,2006,RL,AllPub,1Fam,cara
144000,7,6,3,7,1690,815,1916,RM,AllPub,1Fam,barata
178000,7,5,3,6,1212,1212,2001,RL,AllPub,1Fam,barata
148000,4,5,3,6,1382,1051,1963,RL,AllPub,1Fam,barata
116050,4,5,3,5,864,864,1970,RL,AllPub,1Fam,barata
197900,7,5,3,6,1779,866,1998,RL,AllPub,1Fam,barata
117000,5,8,3,5,1348,884,1925,RM,AllPub,1Fam,barata
213000,7,5,3,6,1630,1630,2000,RL,AllPub,1Fam,barata
153500,5,6,3,6,1074,1056,1975,RL,AllPub,1Fam,barata
271900,7,7,3,7,2196,2158,1990,RL,AllPub,1Fam,cara
107000,4,4,2,5,1056,1056,1966,RH,AllPub,1Fam,barata
200000,6,5,3,7,1700,1682,2003,RL,AllPub,1Fam,barata
140000,5,7,3,6,1283,931,1962,RL,AllPub,1Fam,barata
290000,8,5,3,8,1660,1660,2006,RL,AllPub,1Fam,cara
189000,6,5,3,8,1845,1055,1992,RL,AllPub,1Fam,barata
164000,8,7,4,8,1752,559,1988,RL,AllPub,1Fam,barata
113000,4,6,2,4,672,672,1941,RL,AllPub,1Fam,barata
145000,4,9,0,3,960,648,1965,RL,AllPub,1Fam,barata
134500,5,5,3,6,999,925,1962,RL,AllPub,1Fam,barata
125000,5,5,3,5,894,894,1966,RL,AllPub,1Fam,barata
112000,6,5,4,8,1902,0,1978,RM,AllPub,Duplex,barata
229456,8,5,3,6,1314,1300,2009,FV,AllPub,1Fam,cara
80500,4,5,2,3,912,0,1947,RM,AllPub,1Fam,barata
91500,6,5,3,7,1218,672,1971,RM,AllPub,Twnhs,barata
115000,5,5,2,5,912,912,1964,RL,AllPub,1Fam,barata
134000,5,5,3,5,1211,952,1968,RL,AllPub,1Fam,barata
143000,6,6,3,7,1846,1040,1949,RL,AllPub,1Fam,barata
137900,5,3,4,7,2136,2136,1951,RL,AllPub,1Fam,barata
184000,7,5,3,8,1490,788,2004,RL,AllPub,1Fam,barata
145000,6,8,3,6,1138,588,1958,RL,AllPub,1Fam,barata
214000,6,5,4,9,1933,894,2007,RL,AllPub,1Fam,barata
147000,5,8,2,5,912,912,1965,RL,AllPub,1Fam,barata
367294,9,5,1,7,1702,1702,2008,RL,AllPub,TwnhsE,cara
127000,5,5,4,7,1507,1075,1960,RL,AllPub,1Fam,barata
190000,5,5,4,12,2620,1361,1977,RL,AllPub,Duplex,barata
132500,5,6,3,6,1190,1106,1962,RL,AllPub,Duplex,barata
101800,4,5,2,6,1224,0,1962,RL,AllPub,Duplex,barata
142000,5,5,3,6,1188,1188,1959,RL,AllPub,1Fam,barata
130000,5,6,4,7,1964,940,1911,RH,AllPub,1Fam,barata
138887,5,5,4,9,1784,747,1914,RL,AllPub,1Fam,barata
175500,7,5,2,6,1626,764,2003,RL,AllPub,Twnhs,barata
195000,7,5,4,8,1948,847,2004,RL,AllPub,1Fam,barata
142500,6,5,3,6,1141,1141,2005,RL,AllPub,1Fam,barata
265900,8,5,2,6,1484,1476,2006,RL,AllPub,1Fam,cara
224900,7,5,3,8,1768,884,2003,RL,AllPub,1Fam,cara
248328,7,6,3,7,1689,1689,2007,RL,AllPub,1Fam,cara
170000,7,6,3,6,1173,1053,1974,RL,AllPub,1Fam,barata
465000,10,5,2,7,2076,2076,2006,RL,AllPub,1Fam,cara
230000,8,7,3,7,1517,792,1929,RL,AllPub,1Fam,cara
178000,6,7,3,7,1868,585,1984,RL,AllPub,1Fam,barata
186500,7,5,3,6,1553,756,2005,FV,AllPub,1Fam,barata
169900,6,5,3,6,1034,1012,1976,RL,AllPub,1Fam,barata
129500,6,5,3,8,2058,735,1917,RM,AllPub,1Fam,barata
119000,5,7,3,6,988,876,1950,RL,AllPub,1Fam,barata
244000,7,5,3,8,2110,2110,1968,RL,AllPub,1Fam,cara
171750,7,5,2,6,1405,1405,2003,RL,AllPub,TwnhsE,barata
130000,5,6,3,5,874,864,1968,RL,AllPub,1Fam,barata
294000,7,7,3,9,2167,1192,1974,RL,AllPub,1Fam,cara
165400,7,5,3,7,1656,746,2003,RL,AllPub,1Fam,barata
127500,6,6,3,6,1367,884,1931,RM,AllPub,1Fam,barata
301500,8,5,2,7,1987,1986,1994,RL,AllPub,1Fam,cara
99900,5,8,2,4,864,864,1922,RL,AllPub,1Fam,barata
190000,7,5,2,5,1166,856,2005,RL,AllPub,1Fam,barata
151000,6,8,3,6,1054,1054,1969,RL,AllPub,1Fam,barata
181000,6,5,3,7,1675,841,1999,RL,AllPub,1Fam,barata
128900,5,6,2,5,1050,1050,1956,RL,AllPub,1Fam,barata
161500,4,5,5,8,1788,1104,1957,RL,AllPub,1Fam,barata
180500,6,6,3,8,1824,764,1919,RL,AllPub,1Fam,barata
181000,6,5,2,5,1337,1405,1998,RH,AllPub,TwnhsE,barata
183900,7,5,3,6,1452,691,1999,FV,AllPub,TwnhsE,barata
122000,7,4,4,9,1889,925,1910,RM,AllPub,2fmCon,barata
378500,9,5,3,10,2018,2002,2008,RL,AllPub,1Fam,cara
381000,8,9,4,11,3447,728,1935,RL,AllPub,1Fam,cara
144000,5,5,3,7,1524,874,1958,RL,AllPub,1Fam,barata
260000,7,6,0,4,1524,1332,1979,RL,AllPub,1Fam,cara
185750,6,7,3,7,1489,1489,1968,RL,AllPub,1Fam,barata
137000,5,6,3,5,935,935,1965,RL,AllPub,1Fam,barata
177000,6,7,2,5,1357,1019,1959,RL,AllPub,1Fam,barata
139000,5,6,3,8,1250,661,1910,RL,AllPub,1Fam,barata
137000,5,5,4,10,1920,928,1948,RL,AllPub,Duplex,barata
162000,6,6,3,6,1395,723,1972,RL,AllPub,1Fam,barata
197900,6,5,3,7,1724,1680,1967,RL,AllPub,1Fam,barata
237000,8,5,3,7,2031,1128,2002,RL,AllPub,1Fam,cara
68400,4,4,2,6,1128,698,1920,C (all),AllPub,1Fam,barata
227000,7,5,3,6,1573,1573,2002,RL,AllPub,1Fam,cara
180000,7,5,2,6,1339,1309,1990,RL,AllPub,1Fam,barata
150500,5,7,3,5,1040,1040,1977,RL,AllPub,1Fam,barata
139000,6,5,4,8,1824,912,1971,RL,AllPub,Duplex,barata
169000,6,7,4,10,2447,804,1919,RL,AllPub,1Fam,barata
132500,6,6,4,6,1412,780,1939,RM,AllPub,1Fam,barata
143000,6,5,3,6,1328,1328,1963,RL,AllPub,1Fam,barata
190000,5,5,4,7,1582,1624,1964,RL,AllPub,1Fam,barata
278000,8,5,2,5,1659,1501,2000,RL,AllPub,TwnhsE,cara
281000,8,5,3,8,1970,1085,2006,RL,AllPub,1Fam,cara
180500,5,7,3,6,1152,1152,1964,RL,AllPub,1Fam,barata
119500,5,7,3,6,1302,630,1972,RM,AllPub,Twnhs,barata
107500,5,4,4,11,2372,994,1892,RM,AllPub,1Fam,barata
162900,7,5,4,8,1664,832,1976,RL,AllPub,1Fam,barata
115000,5,7,2,5,864,864,1955,RL,AllPub,1Fam,barata
138500,5,5,3,5,1052,1052,1968,RL,AllPub,1Fam,barata
155000,5,6,3,6,1128,1120,1963,RL,AllPub,1Fam,barata
140000,6,5,2,5,1072,547,2005,RM,AllPub,TwnhsE,barata
160000,10,5,3,12,5642,6110,2008,RL,AllPub,1Fam,barata
154000,5,7,3,6,1246,1246,1959,RL,AllPub,1Fam,barata
225000,7,5,3,9,1983,978,1999,RL,AllPub,1Fam,cara
177500,6,7,3,7,1494,771,1942,RL,AllPub,1Fam,barata
290000,8,5,4,8,2526,1165,1994,RL,AllPub,1Fam,cara
232000,7,5,3,7,1616,1616,2005,RL,AllPub,1Fam,cara
130000,7,5,3,7,1708,976,2004,RM,AllPub,TwnhsE,barata
325000,9,5,2,6,1652,1652,2006,RL,AllPub,1Fam,cara
202500,7,5,2,6,1368,1368,2005,RL,AllPub,TwnhsE,barata
138000,5,5,3,5,990,990,1994,RL,AllPub,1Fam,barata
147000,5,7,2,6,1122,924,1948,RM,AllPub,1Fam,barata
179200,6,5,3,6,1294,1278,1991,RL,AllPub,1Fam,barata
335000,7,8,3,7,1902,1902,1959,RL,AllPub,1Fam,cara
203000,7,5,3,6,1274,1274,2005,RL,AllPub,1Fam,barata
302000,8,5,4,9,2810,1453,1990,RL,AllPub,1Fam,cara
333168,9,5,4,10,2599,1393,1999,RL,AllPub,1Fam,cara
119000,4,6,3,5,948,948,1954,RL,AllPub,1Fam,barata
206900,6,5,4,9,2112,952,1969,RL,AllPub,1Fam,barata
295493,8,5,3,8,1630,1622,2008,RL,AllPub,1Fam,cara
208900,7,5,2,5,1352,1352,2006,FV,AllPub,TwnhsE,barata
275000,8,5,3,7,1787,1753,2001,RL,AllPub,1Fam,cara
111000,4,5,3,5,948,864,1954,RL,AllPub,1Fam,barata
156500,6,3,3,6,1478,1478,1957,RL,AllPub,1Fam,barata
72500,3,6,2,4,720,0,1949,RL,AllPub,1Fam,barata
190000,7,5,3,8,1923,750,1992,RL,AllPub,1Fam,barata
82500,4,7,2,5,708,420,1940,RL,AllPub,1Fam,barata
147000,8,5,2,7,1795,1795,2006,RL,AllPub,1Fam,barata
55000,4,4,2,5,796,796,1922,RM,AllPub,1Fam,barata
79000,3,6,3,6,774,544,1931,RH,AllPub,1Fam,barata
130500,5,9,3,5,816,816,1982,RL,AllPub,1Fam,barata
256000,6,7,5,8,2792,1510,1920,RM,AllPub,1Fam,cara
176500,7,5,3,8,1632,935,1998,RL,AllPub,1Fam,barata
227000,8,5,3,7,1588,1588,2006,RL,AllPub,1Fam,cara
132500,5,5,3,6,954,911,1976,RL,AllPub,1Fam,barata
100000,4,6,2,3,816,816,1938,RL,AllPub,1Fam,barata
125500,5,6,2,6,1360,803,1938,RM,AllPub,1Fam,barata
125000,5,6,3,7,1365,765,1970,RM,AllPub,TwnhsE,barata
167900,6,5,2,6,1334,1350,1977,RL,AllPub,1Fam,barata
135000,5,5,4,8,1656,1656,1973,RL,AllPub,Duplex,barata
52500,4,4,2,4,693,693,1941,RM,AllPub,1Fam,barata
200000,7,5,3,8,1861,916,2002,RL,AllPub,1Fam,barata
128500,5,7,3,5,864,864,1972,RL,AllPub,1Fam,barata
123000,4,5,3,5,872,858,1971,RL,AllPub,1Fam,barata
155000,6,5,3,6,1114,1114,2003,RL,AllPub,1Fam,barata
228500,8,5,3,7,2169,1284,2002,RL,AllPub,1Fam,cara
177000,6,6,3,9,1913,896,1928,RL,AllPub,1Fam,barata
155835,7,5,3,8,1456,728,2006,RL,AllPub,1Fam,barata
108500,4,4,2,5,960,960,1920,RM,AllPub,1Fam,barata
262500,7,7,3,9,2156,1568,1968,RL,AllPub,1Fam,cara
283463,8,5,3,7,1776,1732,2006,RL,AllPub,1Fam,cara
215000,7,5,3,5,1494,1482,1998,RL,AllPub,1Fam,cara
122000,8,5,4,8,2358,684,1872,RM,AllPub,1Fam,barata
200000,5,5,6,12,2634,1248,1969,RL,AllPub,Duplex,barata
171000,6,6,4,8,1716,858,1962,RL,AllPub,1Fam,barata
134900,6,9,2,4,1176,698,1937,RM,AllPub,1Fam,barata
410000,8,5,4,9,3238,2033,1995,RL,AllPub,1Fam,cara
235000,7,5,3,7,1865,992,2000,RL,AllPub,1Fam,cara
170000,7,6,4,8,1920,570,1968,RL,AllPub,1Fam,barata
110000,5,5,3,5,892,864,1966,RL,AllPub,1Fam,barata
149900,5,6,3,6,1078,1078,1971,RL,AllPub,1Fam,barata
177500,6,5,3,5,1573,756,2000,FV,AllPub,Twnhs,barata
315000,9,5,3,8,1980,1980,2004,RL,AllPub,1Fam,cara
189000,5,6,4,8,2601,612,1921,RL,AllPub,1Fam,barata
260000,7,5,3,7,1530,1530,2005,RL,AllPub,1Fam,cara
104900,4,4,4,7,1738,715,1920,RL,AllPub,1Fam,barata
156932,6,5,3,6,1412,616,2006,RL,AllPub,1Fam,barata
144152,7,5,2,4,1200,600,2005,FV,AllPub,TwnhsE,barata
216000,7,5,3,7,1674,814,2000,FV,AllPub,1Fam,cara
193000,7,5,3,7,1790,873,1999,RL,AllPub,1Fam,barata
127000,5,6,4,6,1475,757,1977,RM,AllPub,TwnhsE,barata
144000,6,5,1,4,848,848,2003,RM,AllPub,TwnhsE,barata
232000,8,5,3,8,1668,1657,2003,RL,AllPub,1Fam,cara
105000,4,6,2,6,1374,840,1920,RL,AllPub,1Fam,barata
165500,6,6,3,8,1661,992,1955,RL,AllPub,1Fam,barata
274300,7,6,3,8,2097,1108,1998,RL,AllPub,1Fam,cara
466500,10,5,2,8,2633,2633,2001,RL,AllPub,1Fam,cara
250000,7,5,3,9,1958,1026,2005,FV,AllPub,1Fam,cara
239000,8,5,3,7,1571,1571,2007,RL,AllPub,1Fam,cara
91000,6,5,2,4,790,768,1930,RL,AllPub,1Fam,barata
117000,5,5,3,6,1604,984,1941,RL,AllPub,1Fam,barata
83000,6,5,2,5,987,483,1973,RM,AllPub,Twnhs,barata
167500,5,5,3,7,1394,384,2006,RL,AllPub,1Fam,barata
58500,3,3,2,5,864,864,1914,RL,AllPub,1Fam,barata
237500,6,7,4,7,2117,1205,1970,RL,AllPub,1Fam,cara
157000,7,7,4,8,1762,596,1920,RM,AllPub,1Fam,barata
112000,5,7,3,7,1416,816,1918,RL,AllPub,1Fam,barata
105000,6,5,2,6,1258,560,1939,RL,AllPub,1Fam,barata
125500,4,8,3,7,1154,796,1922,RM,AllPub,1Fam,barata
250000,7,5,5,12,2784,1392,1978,RL,AllPub,1Fam,cara
136000,6,7,5,10,2526,714,1916,RM,AllPub,1Fam,barata
377500,9,5,3,7,1746,1746,2006,RL,AllPub,1Fam,cara
131000,6,6,3,6,1218,735,1941,RM,AllPub,1Fam,barata
235000,7,5,3,6,1525,1525,2000,RL,AllPub,1Fam,cara
124000,5,5,4,8,1584,1584,1967,RL,AllPub,Duplex,barata
123000,5,5,3,6,900,864,1967,RL,AllPub,1Fam,barata
163000,6,7,3,7,1912,482,1905,RM,AllPub,2fmCon,barata
246578,7,5,2,6,1500,1356,2006,RL,AllPub,TwnhsE,cara
281213,8,5,4,9,2482,1094,2005,RL,AllPub,1Fam,cara
160000,5,5,3,7,1687,747,1948,RL,AllPub,1Fam,barata
137500,5,8,4,8,1513,939,1920,RM,AllPub,1Fam,barata
138000,5,4,3,7,1904,1208,1950,RL,AllPub,1Fam,barata
137450,6,6,3,7,1608,976,1925,RL,AllPub,1Fam,barata
120000,6,7,3,5,1158,862,1929,RM,AllPub,1Fam,barata
193000,6,5,3,8,1593,839,2004,RL,AllPub,1Fam,barata
193879,7,5,2,6,1294,1286,2006,RL,AllPub,1Fam,barata
282922,8,5,3,6,1464,1485,2007,RL,AllPub,1Fam,cara
105000,3,4,3,6,1214,672,1915,RL,AllPub,1Fam,barata
275000,8,5,2,5,1646,1594,2004,RM,AllPub,TwnhsE,cara
133000,5,7,2,5,768,768,1972,RL,AllPub,1Fam,barata
112000,5,5,3,5,833,833,1985,RL,AllPub,1Fam,barata
125500,4,7,3,6,1363,622,1910,RM,AllPub,1Fam,barata
215000,7,6,3,7,2093,791,1986,RL,AllPub,1Fam,cara
230000,7,5,3,6,1840,944,2001,RL,AllPub,1Fam,cara
140000,6,8,3,6,1668,856,1950,RL,AllPub,1Fam,barata
90000,4,5,2,6,1040,0,1949,RL,AllPub,Duplex,barata
257000,8,5,2,7,1844,1844,2005,RL,AllPub,1Fam,cara
207000,6,7,4,8,1848,833,1923,RL,AllPub,1Fam,barata
175900,7,5,1,7,1569,1386,2007,RL,AllPub,TwnhsE,barata
122500,4,6,4,11,2290,777,1885,RM,AllPub,2fmCon,barata
340000,8,5,3,7,2450,1284,1998,RL,AllPub,1Fam,cara
124000,5,5,3,6,1144,1144,1963,RL,AllPub,1Fam,barata
223000,6,5,3,7,1844,1844,1969,RL,AllPub,1Fam,cara
179900,6,6,3,7,1416,708,1968,RL,AllPub,1Fam,barata
127500,6,5,2,4,1069,1069,1977,RL,AllPub,TwnhsE,barata
136500,6,5,1,3,848,848,2003,RM,AllPub,TwnhsE,barata
274970,6,7,4,8,2201,697,1966,RL,AllPub,1Fam,cara
144000,5,5,2,6,1344,1024,1958,RL,AllPub,1Fam,barata
142000,6,6,3,7,1252,1252,1959,RL,AllPub,1Fam,barata
271000,7,5,3,5,2127,1223,1994,RL,AllPub,1Fam,cara
140000,5,6,3,6,1558,913,1945,RL,AllPub,1Fam,barata
119000,5,7,2,4,804,788,1940,RM,AllPub,1Fam,barata
182900,6,7,3,7,1440,1440,1981,RL,AllPub,1Fam,barata
192140,5,5,4,7,1838,732,2005,RL,AllPub,1Fam,barata
143750,6,6,2,5,958,958,1976,RL,AllPub,TwnhsE,barata
64500,4,6,4,5,968,656,1927,RL,AllPub,1Fam,barata
186500,6,5,3,8,1792,936,2000,RL,AllPub,1Fam,barata
160000,5,5,3,5,1126,1126,1977,RL,AllPub,1Fam,barata
174000,6,9,3,7,1537,1319,1962,RL,AllPub,1Fam,barata
120500,4,6,3,5,864,864,1971,RL,AllPub,1Fam,barata
394617,8,5,2,7,1932,1932,2008,RL,AllPub,1Fam,cara
149700,6,7,2,6,1236,912,1957,RM,AllPub,1Fam,barata
197000,7,6,3,6,1725,539,1979,RL,AllPub,1Fam,barata
191000,6,7,3,11,2555,588,1922,RL,AllPub,1Fam,barata
149300,6,5,1,3,848,848,2004,RM,AllPub,TwnhsE,barata
310000,10,5,3,10,2007,1017,2008,FV,AllPub,1Fam,cara
121000,6,6,2,4,952,952,1916,RL,AllPub,1Fam,barata
179600,7,5,3,7,1422,1422,2004,RL,AllPub,1Fam,barata
129000,6,5,3,6,913,814,1966,RL,AllPub,1Fam,barata
157900,5,7,3,6,1188,1188,1962,RL,AllPub,1Fam,barata
240000,8,5,3,8,2090,1220,1995,RL,AllPub,1Fam,cara
112000,4,7,2,6,1346,560,1910,RL,AllPub,1Fam,barata
92000,5,7,1,3,630,630,1970,RM,AllPub,Twnhs,barata
136000,5,5,4,8,1792,896,1974,RL,AllPub,Duplex,barata
287090,8,5,3,7,1578,1573,2008,RL,AllPub,1Fam,cara
145000,5,5,2,5,1072,547,2005,RM,AllPub,TwnhsE,barata
84500,5,5,3,6,1140,1140,2006,RL,AllPub,1Fam,barata
185000,7,5,2,6,1221,1221,2004,FV,AllPub,1Fam,barata
175000,6,5,3,7,1647,953,1999,RL,AllPub,1Fam,barata
210000,6,6,3,7,2073,1542,1978,RL,AllPub,1Fam,barata
266500,7,9,4,9,2340,1152,1941,RL,AllPub,1Fam,cara
142125,5,6,2,5,1078,1078,1950,RL,AllPub,1Fam,barata
147500,5,6,3,6,1256,1256,1965,RL,AllPub,1Fam,barata